Encoded 192 projections
{
  "status": "complete",
  "profile": "morph32-3s",
  "projections": [
    {
      "name": "language_model.model.layers.0.mlp.down_proj",
      "shape": [
        5120,
        17408
      ],
      "seed_bytes": 33423360,
      "scale_bytes": 5570560,
      "bias_bytes": 0,
      "native_representation_bytes": 50135040,
      "representation_bytes": 38993920,
      "decoder_sample_exact": true
    },
    {
      "name": "language_model.model.layers.0.mlp.gate_proj",
      "shape": [
        17408,
        5120
      ],
      "seed_bytes": 33423360,
      "scale_bytes": 5570560,
      "bias_bytes": 0,
      "native_representation_bytes": 50135040,
      "representation_bytes": 38993920,
      "decoder_sample_exact": true
    },
    {
      "name": "language_model.model.layers.0.mlp.up_proj",
      "shape": [
        17408,
        5120
      ],
      "seed_bytes": 33423360,
      "scale_bytes": 5570560,
      "bias_bytes": 0,
      "native_representation_bytes": 50135040,
      "representation_bytes": 38993920,
      "decoder_sample_exact": true
    },
    {
      "name": "language_model.model.layers.1.mlp.down_proj",
      "shape": [
        5120,
        17408
      ],
      "seed_bytes": 33423360,
      "scale_bytes": 5570560,
      "bias_bytes": 0,
      "native_representation_bytes": 50135040,
      "representation_bytes": 38993920,
      "decoder_sample_exact": true
    },
    {
      "name": "language_model.model.layers.1.mlp.gate_proj",
      "shape": [
        17408,
        5120
      ],
      "seed_bytes": 33423360,
      "scale_bytes": 5570560,
      "bias_bytes": 0,
      "native_representation_bytes": 50135040,
      "representation_bytes": 38993920,
      "decoder_sample_exact": true
    },
    {
      "name": "language_model.model.layers.1.mlp.up_proj",
      "shape": [
        17408,
        5120
      ],
      "seed_bytes": 33423360,
      "scale_bytes": 5570560,
      "bias_bytes": 0,
      "native_representation_bytes": 50135040,
      "representation_bytes": 38993920,
      "decoder_sample_exact": true
    },
    {
      "name": "language_model.model.layers.10.mlp.down_proj",
      "shape": [
        5120,
        17408
      ],
      "seed_bytes": 33423360,
      "scale_bytes": 5570560,
      "bias_bytes": 0,
      "native_representation_bytes": 50135040,
      "representation_bytes": 38993920,
      "decoder_sample_exact": true
    },
    {
      "name": "language_model.model.layers.10.mlp.gate_proj",
      "shape": [
        17408,
        5120
      ],
      "seed_bytes": 33423360,
      "scale_bytes": 5570560,
      "bias_bytes": 0,
      "native_representation_bytes": 50135040,
      "representation_bytes": 38993920,
      "decoder_sample_exact": true
    },
    {
      "name": "language_model.model.layers.10.mlp.up_proj",
      "shape": [
        17408,
        5120
      ],
      "seed_bytes": 33423360,
      "scale_bytes": 5570560,
      "bias_bytes": 0,
      "native_representation_bytes": 50135040,
      "representation_bytes": 38993920,
      "decoder_sample_exact": true
    },
    {
      "name": "language_model.model.layers.11.mlp.down_proj",
      "shape": [
        5120,
        17408
      ],
      "seed_bytes": 33423360,
      "scale_bytes": 5570560,
      "bias_bytes": 0,
      "native_representation_bytes": 50135040,
      "representation_bytes": 38993920,
      "decoder_sample_exact": true
    },
    {
      "name": "language_model.model.layers.11.mlp.gate_proj",
      "shape": [
        17408,
        5120
      ],
      "seed_bytes": 33423360,
      "scale_bytes": 5570560,
      "bias_bytes": 0,
      "native_representation_bytes": 50135040,
      "representation_bytes": 38993920,
      "decoder_sample_exact": true
    },
    {
      "name": "language_model.model.layers.11.mlp.up_proj",
      "shape": [
        17408,
        5120
      ],
      "seed_bytes": 33423360,
      "scale_bytes": 5570560,
      "bias_bytes": 0,
      "native_representation_bytes": 50135040,
      "representation_bytes": 38993920,
      "decoder_sample_exact": true
    },
    {
      "name": "language_model.model.layers.12.mlp.down_proj",
      "shape": [
        5120,
        17408
      ],
      "seed_bytes": 33423360,
      "scale_bytes": 5570560,
      "bias_bytes": 0,
      "native_representation_bytes": 50135040,
      "representation_bytes": 38993920,
      "decoder_sample_exact": true
    },
    {
      "name": "language_model.model.layers.12.mlp.gate_proj",
      "shape": [
        17408,
        5120
      ],
      "seed_bytes": 33423360,
      "scale_bytes": 5570560,
      "bias_bytes": 0,
      "native_representation_bytes": 50135040,
      "representation_bytes": 38993920,
      "decoder_sample_exact": true
    },
    {
      "name": "language_model.model.layers.12.mlp.up_proj",
      "shape": [
        17408,
        5120
      ],
      "seed_bytes": 33423360,
      "scale_bytes": 5570560,
      "bias_bytes": 0,
      "native_representation_bytes": 50135040,
      "representation_bytes": 38993920,
      "decoder_sample_exact": true
    },
    {
      "name": "language_model.model.layers.13.mlp.down_proj",
      "shape": [
        5120,
        17408
      ],
      "seed_bytes": 33423360,
      "scale_bytes": 5570560,
      "bias_bytes": 0,
      "native_representation_bytes": 50135040,
      "representation_bytes": 38993920,
      "decoder_sample_exact": true
    },
    {
      "name": "language_model.model.layers.13.mlp.gate_proj",
      "shape": [
        17408,
        5120
      ],
      "seed_bytes": 33423360,
      "scale_bytes": 5570560,
      "bias_bytes": 0,
      "native_representation_bytes": 50135040,
      "representation_bytes": 38993920,
      "decoder_sample_exact": true
    },
    {
      "name": "language_model.model.layers.13.mlp.up_proj",
      "shape": [
        17408,
        5120
      ],
      "seed_bytes": 33423360,
      "scale_bytes": 5570560,
      "bias_bytes": 0,
      "native_representation_bytes": 50135040,
      "representation_bytes": 38993920,
      "decoder_sample_exact": true
    },
    {
      "name": "language_model.model.layers.14.mlp.down_proj",
      "shape": [
        5120,
        17408
      ],
      "seed_bytes": 33423360,
      "scale_bytes": 5570560,
      "bias_bytes": 0,
      "native_representation_bytes": 50135040,
      "representation_bytes": 38993920,
      "decoder_sample_exact": true
    },
    {
      "name": "language_model.model.layers.14.mlp.gate_proj",
      "shape": [
        17408,
        5120
      ],
      "seed_bytes": 33423360,
      "scale_bytes": 5570560,
      "bias_bytes": 0,
      "native_representation_bytes": 50135040,
      "representation_bytes": 38993920,
      "decoder_sample_exact": true
    },
    {
      "name": "language_model.model.layers.14.mlp.up_proj",
      "shape": [
        17408,
        5120
      ],
      "seed_bytes": 33423360,
      "scale_bytes": 5570560,
      "bias_bytes": 0,
      "native_representation_bytes": 50135040,
      "representation_bytes": 38993920,
      "decoder_sample_exact": true
    },
    {
      "name": "language_model.model.layers.15.mlp.down_proj",
      "shape": [
        5120,
        17408
      ],
      "seed_bytes": 33423360,
      "scale_bytes": 5570560,
      "bias_bytes": 0,
      "native_representation_bytes": 50135040,
      "representation_bytes": 38993920,
      "decoder_sample_exact": true
    },
    {
      "name": "language_model.model.layers.15.mlp.gate_proj",
      "shape": [
        17408,
        5120
      ],
      "seed_bytes": 33423360,
      "scale_bytes": 5570560,
      "bias_bytes": 0,
      "native_representation_bytes": 50135040,
      "representation_bytes": 38993920,
      "decoder_sample_exact": true
    },
    {
      "name": "language_model.model.layers.15.mlp.up_proj",
      "shape": [
        17408,
        5120
      ],
      "seed_bytes": 33423360,
      "scale_bytes": 5570560,
      "bias_bytes": 0,
      "native_representation_bytes": 50135040,
      "representation_bytes": 38993920,
      "decoder_sample_exact": true
    },
    {
      "name": "language_model.model.layers.16.mlp.down_proj",
      "shape": [
        5120,
        17408
      ],
      "seed_bytes": 33423360,
      "scale_bytes": 5570560,
      "bias_bytes": 0,
      "native_representation_bytes": 50135040,
      "representation_bytes": 38993920,
      "decoder_sample_exact": true
    },
    {
      "name": "language_model.model.layers.16.mlp.gate_proj",
      "shape": [
        17408,
        5120
      ],
      "seed_bytes": 33423360,
      "scale_bytes": 5570560,
      "bias_bytes": 0,
      "native_representation_bytes": 50135040,
      "representation_bytes": 38993920,
      "decoder_sample_exact": true
    },
    {
      "name": "language_model.model.layers.16.mlp.up_proj",
      "shape": [
        17408,
        5120
      ],
      "seed_bytes": 33423360,
      "scale_bytes": 5570560,
      "bias_bytes": 0,
      "native_representation_bytes": 50135040,
      "representation_bytes": 38993920,
      "decoder_sample_exact": true
    },
    {
      "name": "language_model.model.layers.17.mlp.down_proj",
      "shape": [
        5120,
        17408
      ],
      "seed_bytes": 33423360,
      "scale_bytes": 5570560,
      "bias_bytes": 0,
      "native_representation_bytes": 50135040,
      "representation_bytes": 38993920,
      "decoder_sample_exact": true
    },
    {
      "name": "language_model.model.layers.17.mlp.gate_proj",
      "shape": [
        17408,
        5120
      ],
      "seed_bytes": 33423360,
      "scale_bytes": 5570560,
      "bias_bytes": 0,
      "native_representation_bytes": 50135040,
      "representation_bytes": 38993920,
      "decoder_sample_exact": true
    },
    {
      "name": "language_model.model.layers.17.mlp.up_proj",
      "shape": [
        17408,
        5120
      ],
      "seed_bytes": 33423360,
      "scale_bytes": 5570560,
      "bias_bytes": 0,
      "native_representation_bytes": 50135040,
      "representation_bytes": 38993920,
      "decoder_sample_exact": true
    },
    {
      "name": "language_model.model.layers.18.mlp.down_proj",
      "shape": [
        5120,
        17408
      ],
      "seed_bytes": 33423360,
      "scale_bytes": 5570560,
      "bias_bytes": 0,
      "native_representation_bytes": 50135040,
      "representation_bytes": 38993920,
      "decoder_sample_exact": true
    },
    {
      "name": "language_model.model.layers.18.mlp.gate_proj",
      "shape": [
        17408,
        5120
      ],
      "seed_bytes": 33423360,
      "scale_bytes": 5570560,
      "bias_bytes": 0,
      "native_representation_bytes": 50135040,
      "representation_bytes": 38993920,
      "decoder_sample_exact": true
    },
    {
      "name": "language_model.model.layers.18.mlp.up_proj",
      "shape": [
        17408,
        5120
      ],
      "seed_bytes": 33423360,
      "scale_bytes": 5570560,
      "bias_bytes": 0,
      "native_representation_bytes": 50135040,
      "representation_bytes": 38993920,
      "decoder_sample_exact": true
    },
    {
      "name": "language_model.model.layers.19.mlp.down_proj",
      "shape": [
        5120,
        17408
      ],
      "seed_bytes": 33423360,
      "scale_bytes": 5570560,
      "bias_bytes": 0,
      "native_representation_bytes": 50135040,
      "representation_bytes": 38993920,
      "decoder_sample_exact": true
    },
    {
      "name": "language_model.model.layers.19.mlp.gate_proj",
      "shape": [
        17408,
        5120
      ],
      "seed_bytes": 33423360,
      "scale_bytes": 5570560,
      "bias_bytes": 0,
      "native_representation_bytes": 50135040,
      "representation_bytes": 38993920,
      "decoder_sample_exact": true
    },
    {
      "name": "language_model.model.layers.19.mlp.up_proj",
      "shape": [
        17408,
        5120
      ],
      "seed_bytes": 33423360,
      "scale_bytes": 5570560,
      "bias_bytes": 0,
      "native_representation_bytes": 50135040,
      "representation_bytes": 38993920,
      "decoder_sample_exact": true
    },
    {
      "name": "language_model.model.layers.2.mlp.down_proj",
      "shape": [
        5120,
        17408
      ],
      "seed_bytes": 33423360,
      "scale_bytes": 5570560,
      "bias_bytes": 0,
      "native_representation_bytes": 50135040,
      "representation_bytes": 38993920,
      "decoder_sample_exact": true
    },
    {
      "name": "language_model.model.layers.2.mlp.gate_proj",
      "shape": [
        17408,
        5120
      ],
      "seed_bytes": 33423360,
      "scale_bytes": 5570560,
      "bias_bytes": 0,
      "native_representation_bytes": 50135040,
      "representation_bytes": 38993920,
      "decoder_sample_exact": true
    },
    {
      "name": "language_model.model.layers.2.mlp.up_proj",
      "shape": [
        17408,
        5120
      ],
      "seed_bytes": 33423360,
      "scale_bytes": 5570560,
      "bias_bytes": 0,
      "native_representation_bytes": 50135040,
      "representation_bytes": 38993920,
      "decoder_sample_exact": true
    },
    {
      "name": "language_model.model.layers.20.mlp.down_proj",
      "shape": [
        5120,
        17408
      ],
      "seed_bytes": 33423360,
      "scale_bytes": 5570560,
      "bias_bytes": 0,
      "native_representation_bytes": 50135040,
      "representation_bytes": 38993920,
      "decoder_sample_exact": true
    },
    {
      "name": "language_model.model.layers.20.mlp.gate_proj",
      "shape": [
        17408,
        5120
      ],
      "seed_bytes": 33423360,
      "scale_bytes": 5570560,
      "bias_bytes": 0,
      "native_representation_bytes": 50135040,
      "representation_bytes": 38993920,
      "decoder_sample_exact": true
    },
    {
      "name": "language_model.model.layers.20.mlp.up_proj",
      "shape": [
        17408,
        5120
      ],
      "seed_bytes": 33423360,
      "scale_bytes": 5570560,
      "bias_bytes": 0,
      "native_representation_bytes": 50135040,
      "representation_bytes": 38993920,
      "decoder_sample_exact": true
    },
    {
      "name": "language_model.model.layers.21.mlp.down_proj",
      "shape": [
        5120,
        17408
      ],
      "seed_bytes": 33423360,
      "scale_bytes": 5570560,
      "bias_bytes": 0,
      "native_representation_bytes": 50135040,
      "representation_bytes": 38993920,
      "decoder_sample_exact": true
    },
    {
      "name": "language_model.model.layers.21.mlp.gate_proj",
      "shape": [
        17408,
        5120
      ],
      "seed_bytes": 33423360,
      "scale_bytes": 5570560,
      "bias_bytes": 0,
      "native_representation_bytes": 50135040,
      "representation_bytes": 38993920,
      "decoder_sample_exact": true
    },
    {
      "name": "language_model.model.layers.21.mlp.up_proj",
      "shape": [
        17408,
        5120
      ],
      "seed_bytes": 33423360,
      "scale_bytes": 5570560,
      "bias_bytes": 0,
      "native_representation_bytes": 50135040,
      "representation_bytes": 38993920,
      "decoder_sample_exact": true
    },
    {
      "name": "language_model.model.layers.22.mlp.down_proj",
      "shape": [
        5120,
        17408
      ],
      "seed_bytes": 33423360,
      "scale_bytes": 5570560,
      "bias_bytes": 0,
      "native_representation_bytes": 50135040,
      "representation_bytes": 38993920,
      "decoder_sample_exact": true
    },
    {
      "name": "language_model.model.layers.22.mlp.gate_proj",
      "shape": [
        17408,
        5120
      ],
      "seed_bytes": 33423360,
      "scale_bytes": 5570560,
      "bias_bytes": 0,
      "native_representation_bytes": 50135040,
      "representation_bytes": 38993920,
      "decoder_sample_exact": true
    },
    {
      "name": "language_model.model.layers.22.mlp.up_proj",
      "shape": [
        17408,
        5120
      ],
      "seed_bytes": 33423360,
      "scale_bytes": 5570560,
      "bias_bytes": 0,
      "native_representation_bytes": 50135040,
      "representation_bytes": 38993920,
      "decoder_sample_exact": true
    },
    {
      "name": "language_model.model.layers.23.mlp.down_proj",
      "shape": [
        5120,
        17408
      ],
      "seed_bytes": 33423360,
      "scale_bytes": 5570560,
      "bias_bytes": 0,
      "native_representation_bytes": 50135040,
      "representation_bytes": 38993920,
      "decoder_sample_exact": true
    },
    {
      "name": "language_model.model.layers.23.mlp.gate_proj",
      "shape": [
        17408,
        5120
      ],
      "seed_bytes": 33423360,
      "scale_bytes": 5570560,
      "bias_bytes": 0,
      "native_representation_bytes": 50135040,
      "representation_bytes": 38993920,
      "decoder_sample_exact": true
    },
    {
      "name": "language_model.model.layers.23.mlp.up_proj",
      "shape": [
        17408,
        5120
      ],
      "seed_bytes": 33423360,
      "scale_bytes": 5570560,
      "bias_bytes": 0,
      "native_representation_bytes": 50135040,
      "representation_bytes": 38993920,
      "decoder_sample_exact": true
    },
    {
      "name": "language_model.model.layers.24.mlp.down_proj",
      "shape": [
        5120,
        17408
      ],
      "seed_bytes": 33423360,
      "scale_bytes": 5570560,
      "bias_bytes": 0,
      "native_representation_bytes": 50135040,
      "representation_bytes": 38993920,
      "decoder_sample_exact": true
    },
    {
      "name": "language_model.model.layers.24.mlp.gate_proj",
      "shape": [
        17408,
        5120
      ],
      "seed_bytes": 33423360,
      "scale_bytes": 5570560,
      "bias_bytes": 0,
      "native_representation_bytes": 50135040,
      "representation_bytes": 38993920,
      "decoder_sample_exact": true
    },
    {
      "name": "language_model.model.layers.24.mlp.up_proj",
      "shape": [
        17408,
        5120
      ],
      "seed_bytes": 33423360,
      "scale_bytes": 5570560,
      "bias_bytes": 0,
      "native_representation_bytes": 50135040,
      "representation_bytes": 38993920,
      "decoder_sample_exact": true
    },
    {
      "name": "language_model.model.layers.25.mlp.down_proj",
      "shape": [
        5120,
        17408
      ],
      "seed_bytes": 33423360,
      "scale_bytes": 5570560,
      "bias_bytes": 0,
      "native_representation_bytes": 50135040,
      "representation_bytes": 38993920,
      "decoder_sample_exact": true
    },
    {
      "name": "language_model.model.layers.25.mlp.gate_proj",
      "shape": [
        17408,
        5120
      ],
      "seed_bytes": 33423360,
      "scale_bytes": 5570560,
      "bias_bytes": 0,
      "native_representation_bytes": 50135040,
      "representation_bytes": 38993920,
      "decoder_sample_exact": true
    },
    {
      "name": "language_model.model.layers.25.mlp.up_proj",
      "shape": [
        17408,
        5120
      ],
      "seed_bytes": 33423360,
      "scale_bytes": 5570560,
      "bias_bytes": 0,
      "native_representation_bytes": 50135040,
      "representation_bytes": 38993920,
      "decoder_sample_exact": true
    },
    {
      "name": "language_model.model.layers.26.mlp.down_proj",
      "shape": [
        5120,
        17408
      ],
      "seed_bytes": 33423360,
      "scale_bytes": 5570560,
      "bias_bytes": 0,
      "native_representation_bytes": 50135040,
      "representation_bytes": 38993920,
      "decoder_sample_exact": true
    },
    {
      "name": "language_model.model.layers.26.mlp.gate_proj",
      "shape": [
        17408,
        5120
      ],
      "seed_bytes": 33423360,
      "scale_bytes": 5570560,
      "bias_bytes": 0,
      "native_representation_bytes": 50135040,
      "representation_bytes": 38993920,
      "decoder_sample_exact": true
    },
    {
      "name": "language_model.model.layers.26.mlp.up_proj",
      "shape": [
        17408,
        5120
      ],
      "seed_bytes": 33423360,
      "scale_bytes": 5570560,
      "bias_bytes": 0,
      "native_representation_bytes": 50135040,
      "representation_bytes": 38993920,
      "decoder_sample_exact": true
    },
    {
      "name": "language_model.model.layers.27.mlp.down_proj",
      "shape": [
        5120,
        17408
      ],
      "seed_bytes": 33423360,
      "scale_bytes": 5570560,
      "bias_bytes": 0,
      "native_representation_bytes": 50135040,
      "representation_bytes": 38993920,
      "decoder_sample_exact": true
    },
    {
      "name": "language_model.model.layers.27.mlp.gate_proj",
      "shape": [
        17408,
        5120
      ],
      "seed_bytes": 33423360,
      "scale_bytes": 5570560,
      "bias_bytes": 0,
      "native_representation_bytes": 50135040,
      "representation_bytes": 38993920,
      "decoder_sample_exact": true
    },
    {
      "name": "language_model.model.layers.27.mlp.up_proj",
      "shape": [
        17408,
        5120
      ],
      "seed_bytes": 33423360,
      "scale_bytes": 5570560,
      "bias_bytes": 0,
      "native_representation_bytes": 50135040,
      "representation_bytes": 38993920,
      "decoder_sample_exact": true
    },
    {
      "name": "language_model.model.layers.28.mlp.down_proj",
      "shape": [
        5120,
        17408
      ],
      "seed_bytes": 33423360,
      "scale_bytes": 5570560,
      "bias_bytes": 0,
      "native_representation_bytes": 50135040,
      "representation_bytes": 38993920,
      "decoder_sample_exact": true
    },
    {
      "name": "language_model.model.layers.28.mlp.gate_proj",
      "shape": [
        17408,
        5120
      ],
      "seed_bytes": 33423360,
      "scale_bytes": 5570560,
      "bias_bytes": 0,
      "native_representation_bytes": 50135040,
      "representation_bytes": 38993920,
      "decoder_sample_exact": true
    },
    {
      "name": "language_model.model.layers.28.mlp.up_proj",
      "shape": [
        17408,
        5120
      ],
      "seed_bytes": 33423360,
      "scale_bytes": 5570560,
      "bias_bytes": 0,
      "native_representation_bytes": 50135040,
      "representation_bytes": 38993920,
      "decoder_sample_exact": true
    },
    {
      "name": "language_model.model.layers.29.mlp.down_proj",
      "shape": [
        5120,
        17408
      ],
      "seed_bytes": 33423360,
      "scale_bytes": 5570560,
      "bias_bytes": 0,
      "native_representation_bytes": 50135040,
      "representation_bytes": 38993920,
      "decoder_sample_exact": true
    },
    {
      "name": "language_model.model.layers.29.mlp.gate_proj",
      "shape": [
        17408,
        5120
      ],
      "seed_bytes": 33423360,
      "scale_bytes": 5570560,
      "bias_bytes": 0,
      "native_representation_bytes": 50135040,
      "representation_bytes": 38993920,
      "decoder_sample_exact": true
    },
    {
      "name": "language_model.model.layers.29.mlp.up_proj",
      "shape": [
        17408,
        5120
      ],
      "seed_bytes": 33423360,
      "scale_bytes": 5570560,
      "bias_bytes": 0,
      "native_representation_bytes": 50135040,
      "representation_bytes": 38993920,
      "decoder_sample_exact": true
    },
    {
      "name": "language_model.model.layers.3.mlp.down_proj",
      "shape": [
        5120,
        17408
      ],
      "seed_bytes": 33423360,
      "scale_bytes": 5570560,
      "bias_bytes": 0,
      "native_representation_bytes": 50135040,
      "representation_bytes": 38993920,
      "decoder_sample_exact": true
    },
    {
      "name": "language_model.model.layers.3.mlp.gate_proj",
      "shape": [
        17408,
        5120
      ],
      "seed_bytes": 33423360,
      "scale_bytes": 5570560,
      "bias_bytes": 0,
      "native_representation_bytes": 50135040,
      "representation_bytes": 38993920,
      "decoder_sample_exact": true
    },
    {
      "name": "language_model.model.layers.3.mlp.up_proj",
      "shape": [
        17408,
        5120
      ],
      "seed_bytes": 33423360,
      "scale_bytes": 5570560,
      "bias_bytes": 0,
      "native_representation_bytes": 50135040,
      "representation_bytes": 38993920,
      "decoder_sample_exact": true
    },
    {
      "name": "language_model.model.layers.30.mlp.down_proj",
      "shape": [
        5120,
        17408
      ],
      "seed_bytes": 33423360,
      "scale_bytes": 5570560,
      "bias_bytes": 0,
      "native_representation_bytes": 50135040,
      "representation_bytes": 38993920,
      "decoder_sample_exact": true
    },
    {
      "name": "language_model.model.layers.30.mlp.gate_proj",
      "shape": [
        17408,
        5120
      ],
      "seed_bytes": 33423360,
      "scale_bytes": 5570560,
      "bias_bytes": 0,
      "native_representation_bytes": 50135040,
      "representation_bytes": 38993920,
      "decoder_sample_exact": true
    },
    {
      "name": "language_model.model.layers.30.mlp.up_proj",
      "shape": [
        17408,
        5120
      ],
      "seed_bytes": 33423360,
      "scale_bytes": 5570560,
      "bias_bytes": 0,
      "native_representation_bytes": 50135040,
      "representation_bytes": 38993920,
      "decoder_sample_exact": true
    },
    {
      "name": "language_model.model.layers.31.mlp.down_proj",
      "shape": [
        5120,
        17408
      ],
      "seed_bytes": 33423360,
      "scale_bytes": 5570560,
      "bias_bytes": 0,
      "native_representation_bytes": 50135040,
      "representation_bytes": 38993920,
      "decoder_sample_exact": true
    },
    {
      "name": "language_model.model.layers.31.mlp.gate_proj",
      "shape": [
        17408,
        5120
      ],
      "seed_bytes": 33423360,
      "scale_bytes": 5570560,
      "bias_bytes": 0,
      "native_representation_bytes": 50135040,
      "representation_bytes": 38993920,
      "decoder_sample_exact": true
    },
    {
      "name": "language_model.model.layers.31.mlp.up_proj",
      "shape": [
        17408,
        5120
      ],
      "seed_bytes": 33423360,
      "scale_bytes": 5570560,
      "bias_bytes": 0,
      "native_representation_bytes": 50135040,
      "representation_bytes": 38993920,
      "decoder_sample_exact": true
    },
    {
      "name": "language_model.model.layers.32.mlp.down_proj",
      "shape": [
        5120,
        17408
      ],
      "seed_bytes": 33423360,
      "scale_bytes": 5570560,
      "bias_bytes": 0,
      "native_representation_bytes": 50135040,
      "representation_bytes": 38993920,
      "decoder_sample_exact": true
    },
    {
      "name": "language_model.model.layers.32.mlp.gate_proj",
      "shape": [
        17408,
        5120
      ],
      "seed_bytes": 33423360,
      "scale_bytes": 5570560,
      "bias_bytes": 0,
      "native_representation_bytes": 50135040,
      "representation_bytes": 38993920,
      "decoder_sample_exact": true
    },
    {
      "name": "language_model.model.layers.32.mlp.up_proj",
      "shape": [
        17408,
        5120
      ],
      "seed_bytes": 33423360,
      "scale_bytes": 5570560,
      "bias_bytes": 0,
      "native_representation_bytes": 50135040,
      "representation_bytes": 38993920,
      "decoder_sample_exact": true
    },
    {
      "name": "language_model.model.layers.33.mlp.down_proj",
      "shape": [
        5120,
        17408
      ],
      "seed_bytes": 33423360,
      "scale_bytes": 5570560,
      "bias_bytes": 0,
      "native_representation_bytes": 50135040,
      "representation_bytes": 38993920,
      "decoder_sample_exact": true
    },
    {
      "name": "language_model.model.layers.33.mlp.gate_proj",
      "shape": [
        17408,
        5120
      ],
      "seed_bytes": 33423360,
      "scale_bytes": 5570560,
      "bias_bytes": 0,
      "native_representation_bytes": 50135040,
      "representation_bytes": 38993920,
      "decoder_sample_exact": true
    },
    {
      "name": "language_model.model.layers.33.mlp.up_proj",
      "shape": [
        17408,
        5120
      ],
      "seed_bytes": 33423360,
      "scale_bytes": 5570560,
      "bias_bytes": 0,
      "native_representation_bytes": 50135040,
      "representation_bytes": 38993920,
      "decoder_sample_exact": true
    },
    {
      "name": "language_model.model.layers.34.mlp.down_proj",
      "shape": [
        5120,
        17408
      ],
      "seed_bytes": 33423360,
      "scale_bytes": 5570560,
      "bias_bytes": 0,
      "native_representation_bytes": 50135040,
      "representation_bytes": 38993920,
      "decoder_sample_exact": true
    },
    {
      "name": "language_model.model.layers.34.mlp.gate_proj",
      "shape": [
        17408,
        5120
      ],
      "seed_bytes": 33423360,
      "scale_bytes": 5570560,
      "bias_bytes": 0,
      "native_representation_bytes": 50135040,
      "representation_bytes": 38993920,
      "decoder_sample_exact": true
    },
    {
      "name": "language_model.model.layers.34.mlp.up_proj",
      "shape": [
        17408,
        5120
      ],
      "seed_bytes": 33423360,
      "scale_bytes": 5570560,
      "bias_bytes": 0,
      "native_representation_bytes": 50135040,
      "representation_bytes": 38993920,
      "decoder_sample_exact": true
    },
    {
      "name": "language_model.model.layers.35.mlp.down_proj",
      "shape": [
        5120,
        17408
      ],
      "seed_bytes": 33423360,
      "scale_bytes": 5570560,
      "bias_bytes": 0,
      "native_representation_bytes": 50135040,
      "representation_bytes": 38993920,
      "decoder_sample_exact": true
    },
    {
      "name": "language_model.model.layers.35.mlp.gate_proj",
      "shape": [
        17408,
        5120
      ],
      "seed_bytes": 33423360,
      "scale_bytes": 5570560,
      "bias_bytes": 0,
      "native_representation_bytes": 50135040,
      "representation_bytes": 38993920,
      "decoder_sample_exact": true
    },
    {
      "name": "language_model.model.layers.35.mlp.up_proj",
      "shape": [
        17408,
        5120
      ],
      "seed_bytes": 33423360,
      "scale_bytes": 5570560,
      "bias_bytes": 0,
      "native_representation_bytes": 50135040,
      "representation_bytes": 38993920,
      "decoder_sample_exact": true
    },
    {
      "name": "language_model.model.layers.36.mlp.down_proj",
      "shape": [
        5120,
        17408
      ],
      "seed_bytes": 33423360,
      "scale_bytes": 5570560,
      "bias_bytes": 0,
      "native_representation_bytes": 50135040,
      "representation_bytes": 38993920,
      "decoder_sample_exact": true
    },
    {
      "name": "language_model.model.layers.36.mlp.gate_proj",
      "shape": [
        17408,
        5120
      ],
      "seed_bytes": 33423360,
      "scale_bytes": 5570560,
      "bias_bytes": 0,
      "native_representation_bytes": 50135040,
      "representation_bytes": 38993920,
      "decoder_sample_exact": true
    },
    {
      "name": "language_model.model.layers.36.mlp.up_proj",
      "shape": [
        17408,
        5120
      ],
      "seed_bytes": 33423360,
      "scale_bytes": 5570560,
      "bias_bytes": 0,
      "native_representation_bytes": 50135040,
      "representation_bytes": 38993920,
      "decoder_sample_exact": true
    },
    {
      "name": "language_model.model.layers.37.mlp.down_proj",
      "shape": [
        5120,
        17408
      ],
      "seed_bytes": 33423360,
      "scale_bytes": 5570560,
      "bias_bytes": 0,
      "native_representation_bytes": 50135040,
      "representation_bytes": 38993920,
      "decoder_sample_exact": true
    },
    {
      "name": "language_model.model.layers.37.mlp.gate_proj",
      "shape": [
        17408,
        5120
      ],
      "seed_bytes": 33423360,
      "scale_bytes": 5570560,
      "bias_bytes": 0,
      "native_representation_bytes": 50135040,
      "representation_bytes": 38993920,
      "decoder_sample_exact": true
    },
    {
      "name": "language_model.model.layers.37.mlp.up_proj",
      "shape": [
        17408,
        5120
      ],
      "seed_bytes": 33423360,
      "scale_bytes": 5570560,
      "bias_bytes": 0,
      "native_representation_bytes": 50135040,
      "representation_bytes": 38993920,
      "decoder_sample_exact": true
    },
    {
      "name": "language_model.model.layers.38.mlp.down_proj",
      "shape": [
        5120,
        17408
      ],
      "seed_bytes": 33423360,
      "scale_bytes": 5570560,
      "bias_bytes": 0,
      "native_representation_bytes": 50135040,
      "representation_bytes": 38993920,
      "decoder_sample_exact": true
    },
    {
      "name": "language_model.model.layers.38.mlp.gate_proj",
      "shape": [
        17408,
        5120
      ],
      "seed_bytes": 33423360,
      "scale_bytes": 5570560,
      "bias_bytes": 0,
      "native_representation_bytes": 50135040,
      "representation_bytes": 38993920,
      "decoder_sample_exact": true
    },
    {
      "name": "language_model.model.layers.38.mlp.up_proj",
      "shape": [
        17408,
        5120
      ],
      "seed_bytes": 33423360,
      "scale_bytes": 5570560,
      "bias_bytes": 0,
      "native_representation_bytes": 50135040,
      "representation_bytes": 38993920,
      "decoder_sample_exact": true
    },
    {
      "name": "language_model.model.layers.39.mlp.down_proj",
      "shape": [
        5120,
        17408
      ],
      "seed_bytes": 33423360,
      "scale_bytes": 5570560,
      "bias_bytes": 0,
      "native_representation_bytes": 50135040,
      "representation_bytes": 38993920,
      "decoder_sample_exact": true
    },
    {
      "name": "language_model.model.layers.39.mlp.gate_proj",
      "shape": [
        17408,
        5120
      ],
      "seed_bytes": 33423360,
      "scale_bytes": 5570560,
      "bias_bytes": 0,
      "native_representation_bytes": 50135040,
      "representation_bytes": 38993920,
      "decoder_sample_exact": true
    },
    {
      "name": "language_model.model.layers.39.mlp.up_proj",
      "shape": [
        17408,
        5120
      ],
      "seed_bytes": 33423360,
      "scale_bytes": 5570560,
      "bias_bytes": 0,
      "native_representation_bytes": 50135040,
      "representation_bytes": 38993920,
      "decoder_sample_exact": true
    },
    {
      "name": "language_model.model.layers.4.mlp.down_proj",
      "shape": [
        5120,
        17408
      ],
      "seed_bytes": 33423360,
      "scale_bytes": 5570560,
      "bias_bytes": 0,
      "native_representation_bytes": 50135040,
      "representation_bytes": 38993920,
      "decoder_sample_exact": true
    },
    {
      "name": "language_model.model.layers.4.mlp.gate_proj",
      "shape": [
        17408,
        5120
      ],
      "seed_bytes": 33423360,
      "scale_bytes": 5570560,
      "bias_bytes": 0,
      "native_representation_bytes": 50135040,
      "representation_bytes": 38993920,
      "decoder_sample_exact": true
    },
    {
      "name": "language_model.model.layers.4.mlp.up_proj",
      "shape": [
        17408,
        5120
      ],
      "seed_bytes": 33423360,
      "scale_bytes": 5570560,
      "bias_bytes": 0,
      "native_representation_bytes": 50135040,
      "representation_bytes": 38993920,
      "decoder_sample_exact": true
    },
    {
      "name": "language_model.model.layers.40.mlp.down_proj",
      "shape": [
        5120,
        17408
      ],
      "seed_bytes": 33423360,
      "scale_bytes": 5570560,
      "bias_bytes": 0,
      "native_representation_bytes": 50135040,
      "representation_bytes": 38993920,
      "decoder_sample_exact": true
    },
    {
      "name": "language_model.model.layers.40.mlp.gate_proj",
      "shape": [
        17408,
        5120
      ],
      "seed_bytes": 33423360,
      "scale_bytes": 5570560,
      "bias_bytes": 0,
      "native_representation_bytes": 50135040,
      "representation_bytes": 38993920,
      "decoder_sample_exact": true
    },
    {
      "name": "language_model.model.layers.40.mlp.up_proj",
      "shape": [
        17408,
        5120
      ],
      "seed_bytes": 33423360,
      "scale_bytes": 5570560,
      "bias_bytes": 0,
      "native_representation_bytes": 50135040,
      "representation_bytes": 38993920,
      "decoder_sample_exact": true
    },
    {
      "name": "language_model.model.layers.41.mlp.down_proj",
      "shape": [
        5120,
        17408
      ],
      "seed_bytes": 33423360,
      "scale_bytes": 5570560,
      "bias_bytes": 0,
      "native_representation_bytes": 50135040,
      "representation_bytes": 38993920,
      "decoder_sample_exact": true
    },
    {
      "name": "language_model.model.layers.41.mlp.gate_proj",
      "shape": [
        17408,
        5120
      ],
      "seed_bytes": 33423360,
      "scale_bytes": 5570560,
      "bias_bytes": 0,
      "native_representation_bytes": 50135040,
      "representation_bytes": 38993920,
      "decoder_sample_exact": true
    },
    {
      "name": "language_model.model.layers.41.mlp.up_proj",
      "shape": [
        17408,
        5120
      ],
      "seed_bytes": 33423360,
      "scale_bytes": 5570560,
      "bias_bytes": 0,
      "native_representation_bytes": 50135040,
      "representation_bytes": 38993920,
      "decoder_sample_exact": true
    },
    {
      "name": "language_model.model.layers.42.mlp.down_proj",
      "shape": [
        5120,
        17408
      ],
      "seed_bytes": 33423360,
      "scale_bytes": 5570560,
      "bias_bytes": 0,
      "native_representation_bytes": 50135040,
      "representation_bytes": 38993920,
      "decoder_sample_exact": true
    },
    {
      "name": "language_model.model.layers.42.mlp.gate_proj",
      "shape": [
        17408,
        5120
      ],
      "seed_bytes": 33423360,
      "scale_bytes": 5570560,
      "bias_bytes": 0,
      "native_representation_bytes": 50135040,
      "representation_bytes": 38993920,
      "decoder_sample_exact": true
    },
    {
      "name": "language_model.model.layers.42.mlp.up_proj",
      "shape": [
        17408,
        5120
      ],
      "seed_bytes": 33423360,
      "scale_bytes": 5570560,
      "bias_bytes": 0,
      "native_representation_bytes": 50135040,
      "representation_bytes": 38993920,
      "decoder_sample_exact": true
    },
    {
      "name": "language_model.model.layers.43.mlp.down_proj",
      "shape": [
        5120,
        17408
      ],
      "seed_bytes": 33423360,
      "scale_bytes": 5570560,
      "bias_bytes": 0,
      "native_representation_bytes": 50135040,
      "representation_bytes": 38993920,
      "decoder_sample_exact": true
    },
    {
      "name": "language_model.model.layers.43.mlp.gate_proj",
      "shape": [
        17408,
        5120
      ],
      "seed_bytes": 33423360,
      "scale_bytes": 5570560,
      "bias_bytes": 0,
      "native_representation_bytes": 50135040,
      "representation_bytes": 38993920,
      "decoder_sample_exact": true
    },
    {
      "name": "language_model.model.layers.43.mlp.up_proj",
      "shape": [
        17408,
        5120
      ],
      "seed_bytes": 33423360,
      "scale_bytes": 5570560,
      "bias_bytes": 0,
      "native_representation_bytes": 50135040,
      "representation_bytes": 38993920,
      "decoder_sample_exact": true
    },
    {
      "name": "language_model.model.layers.44.mlp.down_proj",
      "shape": [
        5120,
        17408
      ],
      "seed_bytes": 33423360,
      "scale_bytes": 5570560,
      "bias_bytes": 0,
      "native_representation_bytes": 50135040,
      "representation_bytes": 38993920,
      "decoder_sample_exact": true
    },
    {
      "name": "language_model.model.layers.44.mlp.gate_proj",
      "shape": [
        17408,
        5120
      ],
      "seed_bytes": 33423360,
      "scale_bytes": 5570560,
      "bias_bytes": 0,
      "native_representation_bytes": 50135040,
      "representation_bytes": 38993920,
      "decoder_sample_exact": true
    },
    {
      "name": "language_model.model.layers.44.mlp.up_proj",
      "shape": [
        17408,
        5120
      ],
      "seed_bytes": 33423360,
      "scale_bytes": 5570560,
      "bias_bytes": 0,
      "native_representation_bytes": 50135040,
      "representation_bytes": 38993920,
      "decoder_sample_exact": true
    },
    {
      "name": "language_model.model.layers.45.mlp.down_proj",
      "shape": [
        5120,
        17408
      ],
      "seed_bytes": 33423360,
      "scale_bytes": 5570560,
      "bias_bytes": 0,
      "native_representation_bytes": 50135040,
      "representation_bytes": 38993920,
      "decoder_sample_exact": true
    },
    {
      "name": "language_model.model.layers.45.mlp.gate_proj",
      "shape": [
        17408,
        5120
      ],
      "seed_bytes": 33423360,
      "scale_bytes": 5570560,
      "bias_bytes": 0,
      "native_representation_bytes": 50135040,
      "representation_bytes": 38993920,
      "decoder_sample_exact": true
    },
    {
      "name": "language_model.model.layers.45.mlp.up_proj",
      "shape": [
        17408,
        5120
      ],
      "seed_bytes": 33423360,
      "scale_bytes": 5570560,
      "bias_bytes": 0,
      "native_representation_bytes": 50135040,
      "representation_bytes": 38993920,
      "decoder_sample_exact": true
    },
    {
      "name": "language_model.model.layers.46.mlp.down_proj",
      "shape": [
        5120,
        17408
      ],
      "seed_bytes": 33423360,
      "scale_bytes": 5570560,
      "bias_bytes": 0,
      "native_representation_bytes": 50135040,
      "representation_bytes": 38993920,
      "decoder_sample_exact": true
    },
    {
      "name": "language_model.model.layers.46.mlp.gate_proj",
      "shape": [
        17408,
        5120
      ],
      "seed_bytes": 33423360,
      "scale_bytes": 5570560,
      "bias_bytes": 0,
      "native_representation_bytes": 50135040,
      "representation_bytes": 38993920,
      "decoder_sample_exact": true
    },
    {
      "name": "language_model.model.layers.46.mlp.up_proj",
      "shape": [
        17408,
        5120
      ],
      "seed_bytes": 33423360,
      "scale_bytes": 5570560,
      "bias_bytes": 0,
      "native_representation_bytes": 50135040,
      "representation_bytes": 38993920,
      "decoder_sample_exact": true
    },
    {
      "name": "language_model.model.layers.47.mlp.down_proj",
      "shape": [
        5120,
        17408
      ],
      "seed_bytes": 33423360,
      "scale_bytes": 5570560,
      "bias_bytes": 0,
      "native_representation_bytes": 50135040,
      "representation_bytes": 38993920,
      "decoder_sample_exact": true
    },
    {
      "name": "language_model.model.layers.47.mlp.gate_proj",
      "shape": [
        17408,
        5120
      ],
      "seed_bytes": 33423360,
      "scale_bytes": 5570560,
      "bias_bytes": 0,
      "native_representation_bytes": 50135040,
      "representation_bytes": 38993920,
      "decoder_sample_exact": true
    },
    {
      "name": "language_model.model.layers.47.mlp.up_proj",
      "shape": [
        17408,
        5120
      ],
      "seed_bytes": 33423360,
      "scale_bytes": 5570560,
      "bias_bytes": 0,
      "native_representation_bytes": 50135040,
      "representation_bytes": 38993920,
      "decoder_sample_exact": true
    },
    {
      "name": "language_model.model.layers.48.mlp.down_proj",
      "shape": [
        5120,
        17408
      ],
      "seed_bytes": 33423360,
      "scale_bytes": 5570560,
      "bias_bytes": 0,
      "native_representation_bytes": 50135040,
      "representation_bytes": 38993920,
      "decoder_sample_exact": true
    },
    {
      "name": "language_model.model.layers.48.mlp.gate_proj",
      "shape": [
        17408,
        5120
      ],
      "seed_bytes": 33423360,
      "scale_bytes": 5570560,
      "bias_bytes": 0,
      "native_representation_bytes": 50135040,
      "representation_bytes": 38993920,
      "decoder_sample_exact": true
    },
    {
      "name": "language_model.model.layers.48.mlp.up_proj",
      "shape": [
        17408,
        5120
      ],
      "seed_bytes": 33423360,
      "scale_bytes": 5570560,
      "bias_bytes": 0,
      "native_representation_bytes": 50135040,
      "representation_bytes": 38993920,
      "decoder_sample_exact": true
    },
    {
      "name": "language_model.model.layers.49.mlp.down_proj",
      "shape": [
        5120,
        17408
      ],
      "seed_bytes": 33423360,
      "scale_bytes": 5570560,
      "bias_bytes": 0,
      "native_representation_bytes": 50135040,
      "representation_bytes": 38993920,
      "decoder_sample_exact": true
    },
    {
      "name": "language_model.model.layers.49.mlp.gate_proj",
      "shape": [
        17408,
        5120
      ],
      "seed_bytes": 33423360,
      "scale_bytes": 5570560,
      "bias_bytes": 0,
      "native_representation_bytes": 50135040,
      "representation_bytes": 38993920,
      "decoder_sample_exact": true
    },
    {
      "name": "language_model.model.layers.49.mlp.up_proj",
      "shape": [
        17408,
        5120
      ],
      "seed_bytes": 33423360,
      "scale_bytes": 5570560,
      "bias_bytes": 0,
      "native_representation_bytes": 50135040,
      "representation_bytes": 38993920,
      "decoder_sample_exact": true
    },
    {
      "name": "language_model.model.layers.5.mlp.down_proj",
      "shape": [
        5120,
        17408
      ],
      "seed_bytes": 33423360,
      "scale_bytes": 5570560,
      "bias_bytes": 0,
      "native_representation_bytes": 50135040,
      "representation_bytes": 38993920,
      "decoder_sample_exact": true
    },
    {
      "name": "language_model.model.layers.5.mlp.gate_proj",
      "shape": [
        17408,
        5120
      ],
      "seed_bytes": 33423360,
      "scale_bytes": 5570560,
      "bias_bytes": 0,
      "native_representation_bytes": 50135040,
      "representation_bytes": 38993920,
      "decoder_sample_exact": true
    },
    {
      "name": "language_model.model.layers.5.mlp.up_proj",
      "shape": [
        17408,
        5120
      ],
      "seed_bytes": 33423360,
      "scale_bytes": 5570560,
      "bias_bytes": 0,
      "native_representation_bytes": 50135040,
      "representation_bytes": 38993920,
      "decoder_sample_exact": true
    },
    {
      "name": "language_model.model.layers.50.mlp.down_proj",
      "shape": [
        5120,
        17408
      ],
      "seed_bytes": 33423360,
      "scale_bytes": 5570560,
      "bias_bytes": 0,
      "native_representation_bytes": 50135040,
      "representation_bytes": 38993920,
      "decoder_sample_exact": true
    },
    {
      "name": "language_model.model.layers.50.mlp.gate_proj",
      "shape": [
        17408,
        5120
      ],
      "seed_bytes": 33423360,
      "scale_bytes": 5570560,
      "bias_bytes": 0,
      "native_representation_bytes": 50135040,
      "representation_bytes": 38993920,
      "decoder_sample_exact": true
    },
    {
      "name": "language_model.model.layers.50.mlp.up_proj",
      "shape": [
        17408,
        5120
      ],
      "seed_bytes": 33423360,
      "scale_bytes": 5570560,
      "bias_bytes": 0,
      "native_representation_bytes": 50135040,
      "representation_bytes": 38993920,
      "decoder_sample_exact": true
    },
    {
      "name": "language_model.model.layers.51.mlp.down_proj",
      "shape": [
        5120,
        17408
      ],
      "seed_bytes": 33423360,
      "scale_bytes": 5570560,
      "bias_bytes": 0,
      "native_representation_bytes": 50135040,
      "representation_bytes": 38993920,
      "decoder_sample_exact": true
    },
    {
      "name": "language_model.model.layers.51.mlp.gate_proj",
      "shape": [
        17408,
        5120
      ],
      "seed_bytes": 33423360,
      "scale_bytes": 5570560,
      "bias_bytes": 0,
      "native_representation_bytes": 50135040,
      "representation_bytes": 38993920,
      "decoder_sample_exact": true
    },
    {
      "name": "language_model.model.layers.51.mlp.up_proj",
      "shape": [
        17408,
        5120
      ],
      "seed_bytes": 33423360,
      "scale_bytes": 5570560,
      "bias_bytes": 0,
      "native_representation_bytes": 50135040,
      "representation_bytes": 38993920,
      "decoder_sample_exact": true
    },
    {
      "name": "language_model.model.layers.52.mlp.down_proj",
      "shape": [
        5120,
        17408
      ],
      "seed_bytes": 33423360,
      "scale_bytes": 5570560,
      "bias_bytes": 0,
      "native_representation_bytes": 50135040,
      "representation_bytes": 38993920,
      "decoder_sample_exact": true
    },
    {
      "name": "language_model.model.layers.52.mlp.gate_proj",
      "shape": [
        17408,
        5120
      ],
      "seed_bytes": 33423360,
      "scale_bytes": 5570560,
      "bias_bytes": 0,
      "native_representation_bytes": 50135040,
      "representation_bytes": 38993920,
      "decoder_sample_exact": true
    },
    {
      "name": "language_model.model.layers.52.mlp.up_proj",
      "shape": [
        17408,
        5120
      ],
      "seed_bytes": 33423360,
      "scale_bytes": 5570560,
      "bias_bytes": 0,
      "native_representation_bytes": 50135040,
      "representation_bytes": 38993920,
      "decoder_sample_exact": true
    },
    {
      "name": "language_model.model.layers.53.mlp.down_proj",
      "shape": [
        5120,
        17408
      ],
      "seed_bytes": 33423360,
      "scale_bytes": 5570560,
      "bias_bytes": 0,
      "native_representation_bytes": 50135040,
      "representation_bytes": 38993920,
      "decoder_sample_exact": true
    },
    {
      "name": "language_model.model.layers.53.mlp.gate_proj",
      "shape": [
        17408,
        5120
      ],
      "seed_bytes": 33423360,
      "scale_bytes": 5570560,
      "bias_bytes": 0,
      "native_representation_bytes": 50135040,
      "representation_bytes": 38993920,
      "decoder_sample_exact": true
    },
    {
      "name": "language_model.model.layers.53.mlp.up_proj",
      "shape": [
        17408,
        5120
      ],
      "seed_bytes": 33423360,
      "scale_bytes": 5570560,
      "bias_bytes": 0,
      "native_representation_bytes": 50135040,
      "representation_bytes": 38993920,
      "decoder_sample_exact": true
    },
    {
      "name": "language_model.model.layers.54.mlp.down_proj",
      "shape": [
        5120,
        17408
      ],
      "seed_bytes": 33423360,
      "scale_bytes": 5570560,
      "bias_bytes": 0,
      "native_representation_bytes": 50135040,
      "representation_bytes": 38993920,
      "decoder_sample_exact": true
    },
    {
      "name": "language_model.model.layers.54.mlp.gate_proj",
      "shape": [
        17408,
        5120
      ],
      "seed_bytes": 33423360,
      "scale_bytes": 5570560,
      "bias_bytes": 0,
      "native_representation_bytes": 50135040,
      "representation_bytes": 38993920,
      "decoder_sample_exact": true
    },
    {
      "name": "language_model.model.layers.54.mlp.up_proj",
      "shape": [
        17408,
        5120
      ],
      "seed_bytes": 33423360,
      "scale_bytes": 5570560,
      "bias_bytes": 0,
      "native_representation_bytes": 50135040,
      "representation_bytes": 38993920,
      "decoder_sample_exact": true
    },
    {
      "name": "language_model.model.layers.55.mlp.down_proj",
      "shape": [
        5120,
        17408
      ],
      "seed_bytes": 33423360,
      "scale_bytes": 5570560,
      "bias_bytes": 0,
      "native_representation_bytes": 50135040,
      "representation_bytes": 38993920,
      "decoder_sample_exact": true
    },
    {
      "name": "language_model.model.layers.55.mlp.gate_proj",
      "shape": [
        17408,
        5120
      ],
      "seed_bytes": 33423360,
      "scale_bytes": 5570560,
      "bias_bytes": 0,
      "native_representation_bytes": 50135040,
      "representation_bytes": 38993920,
      "decoder_sample_exact": true
    },
    {
      "name": "language_model.model.layers.55.mlp.up_proj",
      "shape": [
        17408,
        5120
      ],
      "seed_bytes": 33423360,
      "scale_bytes": 5570560,
      "bias_bytes": 0,
      "native_representation_bytes": 50135040,
      "representation_bytes": 38993920,
      "decoder_sample_exact": true
    },
    {
      "name": "language_model.model.layers.56.mlp.down_proj",
      "shape": [
        5120,
        17408
      ],
      "seed_bytes": 33423360,
      "scale_bytes": 5570560,
      "bias_bytes": 0,
      "native_representation_bytes": 50135040,
      "representation_bytes": 38993920,
      "decoder_sample_exact": true
    },
    {
      "name": "language_model.model.layers.56.mlp.gate_proj",
      "shape": [
        17408,
        5120
      ],
      "seed_bytes": 33423360,
      "scale_bytes": 5570560,
      "bias_bytes": 0,
      "native_representation_bytes": 50135040,
      "representation_bytes": 38993920,
      "decoder_sample_exact": true
    },
    {
      "name": "language_model.model.layers.56.mlp.up_proj",
      "shape": [
        17408,
        5120
      ],
      "seed_bytes": 33423360,
      "scale_bytes": 5570560,
      "bias_bytes": 0,
      "native_representation_bytes": 50135040,
      "representation_bytes": 38993920,
      "decoder_sample_exact": true
    },
    {
      "name": "language_model.model.layers.57.mlp.down_proj",
      "shape": [
        5120,
        17408
      ],
      "seed_bytes": 33423360,
      "scale_bytes": 5570560,
      "bias_bytes": 0,
      "native_representation_bytes": 50135040,
      "representation_bytes": 38993920,
      "decoder_sample_exact": true
    },
    {
      "name": "language_model.model.layers.57.mlp.gate_proj",
      "shape": [
        17408,
        5120
      ],
      "seed_bytes": 33423360,
      "scale_bytes": 5570560,
      "bias_bytes": 0,
      "native_representation_bytes": 50135040,
      "representation_bytes": 38993920,
      "decoder_sample_exact": true
    },
    {
      "name": "language_model.model.layers.57.mlp.up_proj",
      "shape": [
        17408,
        5120
      ],
      "seed_bytes": 33423360,
      "scale_bytes": 5570560,
      "bias_bytes": 0,
      "native_representation_bytes": 50135040,
      "representation_bytes": 38993920,
      "decoder_sample_exact": true
    },
    {
      "name": "language_model.model.layers.58.mlp.down_proj",
      "shape": [
        5120,
        17408
      ],
      "seed_bytes": 33423360,
      "scale_bytes": 5570560,
      "bias_bytes": 0,
      "native_representation_bytes": 50135040,
      "representation_bytes": 38993920,
      "decoder_sample_exact": true
    },
    {
      "name": "language_model.model.layers.58.mlp.gate_proj",
      "shape": [
        17408,
        5120
      ],
      "seed_bytes": 33423360,
      "scale_bytes": 5570560,
      "bias_bytes": 0,
      "native_representation_bytes": 50135040,
      "representation_bytes": 38993920,
      "decoder_sample_exact": true
    },
    {
      "name": "language_model.model.layers.58.mlp.up_proj",
      "shape": [
        17408,
        5120
      ],
      "seed_bytes": 33423360,
      "scale_bytes": 5570560,
      "bias_bytes": 0,
      "native_representation_bytes": 50135040,
      "representation_bytes": 38993920,
      "decoder_sample_exact": true
    },
    {
      "name": "language_model.model.layers.59.mlp.down_proj",
      "shape": [
        5120,
        17408
      ],
      "seed_bytes": 33423360,
      "scale_bytes": 5570560,
      "bias_bytes": 0,
      "native_representation_bytes": 50135040,
      "representation_bytes": 38993920,
      "decoder_sample_exact": true
    },
    {
      "name": "language_model.model.layers.59.mlp.gate_proj",
      "shape": [
        17408,
        5120
      ],
      "seed_bytes": 33423360,
      "scale_bytes": 5570560,
      "bias_bytes": 0,
      "native_representation_bytes": 50135040,
      "representation_bytes": 38993920,
      "decoder_sample_exact": true
    },
    {
      "name": "language_model.model.layers.59.mlp.up_proj",
      "shape": [
        17408,
        5120
      ],
      "seed_bytes": 33423360,
      "scale_bytes": 5570560,
      "bias_bytes": 0,
      "native_representation_bytes": 50135040,
      "representation_bytes": 38993920,
      "decoder_sample_exact": true
    },
    {
      "name": "language_model.model.layers.6.mlp.down_proj",
      "shape": [
        5120,
        17408
      ],
      "seed_bytes": 33423360,
      "scale_bytes": 5570560,
      "bias_bytes": 0,
      "native_representation_bytes": 50135040,
      "representation_bytes": 38993920,
      "decoder_sample_exact": true
    },
    {
      "name": "language_model.model.layers.6.mlp.gate_proj",
      "shape": [
        17408,
        5120
      ],
      "seed_bytes": 33423360,
      "scale_bytes": 5570560,
      "bias_bytes": 0,
      "native_representation_bytes": 50135040,
      "representation_bytes": 38993920,
      "decoder_sample_exact": true
    },
    {
      "name": "language_model.model.layers.6.mlp.up_proj",
      "shape": [
        17408,
        5120
      ],
      "seed_bytes": 33423360,
      "scale_bytes": 5570560,
      "bias_bytes": 0,
      "native_representation_bytes": 50135040,
      "representation_bytes": 38993920,
      "decoder_sample_exact": true
    },
    {
      "name": "language_model.model.layers.60.mlp.down_proj",
      "shape": [
        5120,
        17408
      ],
      "seed_bytes": 33423360,
      "scale_bytes": 5570560,
      "bias_bytes": 0,
      "native_representation_bytes": 50135040,
      "representation_bytes": 38993920,
      "decoder_sample_exact": true
    },
    {
      "name": "language_model.model.layers.60.mlp.gate_proj",
      "shape": [
        17408,
        5120
      ],
      "seed_bytes": 33423360,
      "scale_bytes": 5570560,
      "bias_bytes": 0,
      "native_representation_bytes": 50135040,
      "representation_bytes": 38993920,
      "decoder_sample_exact": true
    },
    {
      "name": "language_model.model.layers.60.mlp.up_proj",
      "shape": [
        17408,
        5120
      ],
      "seed_bytes": 33423360,
      "scale_bytes": 5570560,
      "bias_bytes": 0,
      "native_representation_bytes": 50135040,
      "representation_bytes": 38993920,
      "decoder_sample_exact": true
    },
    {
      "name": "language_model.model.layers.61.mlp.down_proj",
      "shape": [
        5120,
        17408
      ],
      "seed_bytes": 33423360,
      "scale_bytes": 5570560,
      "bias_bytes": 0,
      "native_representation_bytes": 50135040,
      "representation_bytes": 38993920,
      "decoder_sample_exact": true
    },
    {
      "name": "language_model.model.layers.61.mlp.gate_proj",
      "shape": [
        17408,
        5120
      ],
      "seed_bytes": 33423360,
      "scale_bytes": 5570560,
      "bias_bytes": 0,
      "native_representation_bytes": 50135040,
      "representation_bytes": 38993920,
      "decoder_sample_exact": true
    },
    {
      "name": "language_model.model.layers.61.mlp.up_proj",
      "shape": [
        17408,
        5120
      ],
      "seed_bytes": 33423360,
      "scale_bytes": 5570560,
      "bias_bytes": 0,
      "native_representation_bytes": 50135040,
      "representation_bytes": 38993920,
      "decoder_sample_exact": true
    },
    {
      "name": "language_model.model.layers.62.mlp.down_proj",
      "shape": [
        5120,
        17408
      ],
      "seed_bytes": 33423360,
      "scale_bytes": 5570560,
      "bias_bytes": 0,
      "native_representation_bytes": 50135040,
      "representation_bytes": 38993920,
      "decoder_sample_exact": true
    },
    {
      "name": "language_model.model.layers.62.mlp.gate_proj",
      "shape": [
        17408,
        5120
      ],
      "seed_bytes": 33423360,
      "scale_bytes": 5570560,
      "bias_bytes": 0,
      "native_representation_bytes": 50135040,
      "representation_bytes": 38993920,
      "decoder_sample_exact": true
    },
    {
      "name": "language_model.model.layers.62.mlp.up_proj",
      "shape": [
        17408,
        5120
      ],
      "seed_bytes": 33423360,
      "scale_bytes": 5570560,
      "bias_bytes": 0,
      "native_representation_bytes": 50135040,
      "representation_bytes": 38993920,
      "decoder_sample_exact": true
    },
    {
      "name": "language_model.model.layers.63.mlp.down_proj",
      "shape": [
        5120,
        17408
      ],
      "seed_bytes": 33423360,
      "scale_bytes": 5570560,
      "bias_bytes": 0,
      "native_representation_bytes": 50135040,
      "representation_bytes": 38993920,
      "decoder_sample_exact": true
    },
    {
      "name": "language_model.model.layers.63.mlp.gate_proj",
      "shape": [
        17408,
        5120
      ],
      "seed_bytes": 33423360,
      "scale_bytes": 5570560,
      "bias_bytes": 0,
      "native_representation_bytes": 50135040,
      "representation_bytes": 38993920,
      "decoder_sample_exact": true
    },
    {
      "name": "language_model.model.layers.63.mlp.up_proj",
      "shape": [
        17408,
        5120
      ],
      "seed_bytes": 33423360,
      "scale_bytes": 5570560,
      "bias_bytes": 0,
      "native_representation_bytes": 50135040,
      "representation_bytes": 38993920,
      "decoder_sample_exact": true
    },
    {
      "name": "language_model.model.layers.7.mlp.down_proj",
      "shape": [
        5120,
        17408
      ],
      "seed_bytes": 33423360,
      "scale_bytes": 5570560,
      "bias_bytes": 0,
      "native_representation_bytes": 50135040,
      "representation_bytes": 38993920,
      "decoder_sample_exact": true
    },
    {
      "name": "language_model.model.layers.7.mlp.gate_proj",
      "shape": [
        17408,
        5120
      ],
      "seed_bytes": 33423360,
      "scale_bytes": 5570560,
      "bias_bytes": 0,
      "native_representation_bytes": 50135040,
      "representation_bytes": 38993920,
      "decoder_sample_exact": true
    },
    {
      "name": "language_model.model.layers.7.mlp.up_proj",
      "shape": [
        17408,
        5120
      ],
      "seed_bytes": 33423360,
      "scale_bytes": 5570560,
      "bias_bytes": 0,
      "native_representation_bytes": 50135040,
      "representation_bytes": 38993920,
      "decoder_sample_exact": true
    },
    {
      "name": "language_model.model.layers.8.mlp.down_proj",
      "shape": [
        5120,
        17408
      ],
      "seed_bytes": 33423360,
      "scale_bytes": 5570560,
      "bias_bytes": 0,
      "native_representation_bytes": 50135040,
      "representation_bytes": 38993920,
      "decoder_sample_exact": true
    },
    {
      "name": "language_model.model.layers.8.mlp.gate_proj",
      "shape": [
        17408,
        5120
      ],
      "seed_bytes": 33423360,
      "scale_bytes": 5570560,
      "bias_bytes": 0,
      "native_representation_bytes": 50135040,
      "representation_bytes": 38993920,
      "decoder_sample_exact": true
    },
    {
      "name": "language_model.model.layers.8.mlp.up_proj",
      "shape": [
        17408,
        5120
      ],
      "seed_bytes": 33423360,
      "scale_bytes": 5570560,
      "bias_bytes": 0,
      "native_representation_bytes": 50135040,
      "representation_bytes": 38993920,
      "decoder_sample_exact": true
    },
    {
      "name": "language_model.model.layers.9.mlp.down_proj",
      "shape": [
        5120,
        17408
      ],
      "seed_bytes": 33423360,
      "scale_bytes": 5570560,
      "bias_bytes": 0,
      "native_representation_bytes": 50135040,
      "representation_bytes": 38993920,
      "decoder_sample_exact": true
    },
    {
      "name": "language_model.model.layers.9.mlp.gate_proj",
      "shape": [
        17408,
        5120
      ],
      "seed_bytes": 33423360,
      "scale_bytes": 5570560,
      "bias_bytes": 0,
      "native_representation_bytes": 50135040,
      "representation_bytes": 38993920,
      "decoder_sample_exact": true
    },
    {
      "name": "language_model.model.layers.9.mlp.up_proj",
      "shape": [
        17408,
        5120
      ],
      "seed_bytes": 33423360,
      "scale_bytes": 5570560,
      "bias_bytes": 0,
      "native_representation_bytes": 50135040,
      "representation_bytes": 38993920,
      "decoder_sample_exact": true
    }
  ],
  "retained_metadata": [],
  "seconds": 162.24072225000418,
  "inventory": {
    "file_bytes": 13942931757,
    "logical_parameters": 27356728560,
    "physical_bpw": 4.077368162328252,
    "tensor_payload_bytes": 13942116784,
    "container_bytes": 814973,
    "embedded_asset_bytes": 26949584
  },
  "retained_tensor_hashes": {
    "vision_tower.pos_embed.weight": "0ec9ccfc5daf7bc2d4b3dc8cdf4c3f4e617f3cd551d2ea12761553fa06c8601c",
    "vision_tower.merger.norm.bias": "215c96df9bdfa6fbc1177a93cdf3de9206dd7c1443440ba91775f8b741b11182",
    "vision_tower.merger.linear_fc2.weight": "1186a56c3614c4af7ddbeed2f202b14403fcb0e87a400cada794f4513caac1f0",
    "vision_tower.merger.linear_fc1.weight": "b5c56e832b7aba7665e0827bb45d1975058a915985fcd1f7b4b24632ea7a392f",
    "vision_tower.blocks.9.norm2.weight": "5a1dae1922fad88676d91fbe93a92ad8f791d13027f165c40e6c09e5ad78d990",
    "vision_tower.blocks.9.norm2.bias": "613232d9dc20b6d836cc2248388238ad2cf1c0c3a0762edd5c50808e1a627771",
    "vision_tower.blocks.9.norm1.weight": "0a93953d52bd7f00c17e652d0f5b9f9beadd8d8108215d415af6ec86391031da",
    "vision_tower.blocks.9.norm1.bias": "89ece7afa747f0766f2068ff7a3c76d255505b2e6aa6807bfaf65367298d74b3",
    "vision_tower.blocks.9.mlp.linear_fc2.weight": "37d2ee20583857a94b0a7356bbaf48d94c5b37300626a62e3599dd8949085156",
    "vision_tower.blocks.9.mlp.linear_fc2.bias": "dffcb7fe27234287fb324c03771e8a8f2d5c34ce0a70878adc9bd0df0eed5aa1",
    "vision_tower.blocks.9.mlp.linear_fc1.bias": "279d796dfa19c8b15f66b3868d396e51d809cce6ebe207da1fa11322f827e0e9",
    "vision_tower.blocks.9.attn.qkv.weight": "5862146773f2326c53d19bab875c8b93be749c1c8848ffca56f95feeb36ef8d0",
    "vision_tower.blocks.9.attn.qkv.bias": "c6b6406b4ad893c728762f61fe0d00e4b01d50a39ceea933c165d502e0e51f10",
    "vision_tower.blocks.9.attn.proj.bias": "e2a8db7cc7ffecc442327bc84a4253b390e8f93ed353dd7400721ff170bfeccd",
    "vision_tower.blocks.8.norm2.bias": "93aca3cd7413336fd70c3be45284cb634c93d09cdbbd5fa0d907d32a2f7949f5",
    "vision_tower.blocks.8.norm1.bias": "ced2c047dc49ee2381138c0c015a52119093d7d42ba7a811fef35b3b8fc1a143",
    "vision_tower.blocks.8.mlp.linear_fc2.weight": "b44b584afb45d48e751ccfb585a03fb238b8550b35be2354e9c7300e2fa157d8",
    "vision_tower.blocks.8.mlp.linear_fc2.bias": "c696cecfcf6e9556065e4999cd2b07bf0a3b5ddbc1578166c3fc5ed8b83a3195",
    "vision_tower.blocks.8.attn.qkv.bias": "3e8a42d24c6d02823c8c6f3aab4f5ef822da36b2fa0d471c3614da0361434cb3",
    "vision_tower.blocks.8.attn.proj.weight": "eb81ab08ee9b886fc3cc77a9f23fe69752ccc0d8e05bdf65ad5a6b5e788b5812",
    "vision_tower.blocks.8.attn.proj.bias": "02968ddabf7b0b110cf35fccd5eb24a9a3a4b9552743fb91af45e83e8f04904b",
    "vision_tower.blocks.7.norm2.bias": "357605d49e31782e876ec254c6e3d0db60e2b46fdf21a65b957b9c58fbad5dda",
    "vision_tower.blocks.7.norm1.weight": "d569b3759c8b619bc634f863ea8ef7afa0ae050d8ecc40aa1758cfc71b5859df",
    "vision_tower.blocks.7.norm1.bias": "364f375eeb48178f7a614c695906b8dc44f7a61ff1e8f96aee604eae807cb65e",
    "vision_tower.blocks.7.mlp.linear_fc2.weight": "2873c50c3c59e78ae6ab10ee699ed3421dace6de7951a8b1305f30c1d3e94855",
    "vision_tower.blocks.7.mlp.linear_fc2.bias": "6191221e2d561816fd4eb756d71b377f4c4be94fedb1a058542e5134d9178612",
    "vision_tower.blocks.7.mlp.linear_fc1.weight": "eb07139b2cec57b0e3cdc3cf194f16f5b85b556d6806ddfb8965d037916a551b",
    "vision_tower.blocks.7.mlp.linear_fc1.bias": "e93632cdf4930b0c1e038f8caa18eec609eb21fb45da3d2645a6081516de5beb",
    "vision_tower.blocks.7.attn.qkv.weight": "ae70d2d11f043eef24ecf2920e137a9ddfd3c1d6d24545aeea778036f4ff335d",
    "vision_tower.blocks.7.attn.qkv.bias": "7d7d5f02c6ff390fb439085104b6649ac2afe2ec29e47ee7e55c790f5694220b",
    "vision_tower.blocks.7.attn.proj.bias": "3b96828636bd1ea5992ec010113cba4ab317355bde106a51af7c490ba7f5d1a7",
    "vision_tower.blocks.6.norm2.bias": "f25e8ee334ee7b6d076e18c7c5b4ffa604af851ea011a015c2d63ec6f86ae48c",
    "vision_tower.blocks.6.norm1.weight": "09067fbf8f58f627cc0250b000cd3fe8c90cff37edb90738bb307ab06cc8c649",
    "vision_tower.blocks.6.norm1.bias": "01c7ad0117b0dccab452f57b0a458d2b1697d85a4faa8c18cd2170fae8a7eb80",
    "language_model.model.layers.10.linear_attn.in_proj_a.biases": "086d9072a2a152a4e993a274180c36624b62c47a282dc2990428b3a9e22d3309",
    "vision_tower.blocks.6.attn.qkv.weight": "792ca58d3f64ef10458205f3c4a8120bf40e8689ea58f6d11dab4ac83806c8d7",
    "language_model.model.layers.9.linear_attn.in_proj_b.biases": "459945d0045193abcade76c8785c37f73f9e23877de73ccdf5027afc41822280",
    "vision_tower.blocks.5.norm1.weight": "175813926875ad677495f3cc69b3846e10f4fb46d8acf8e5a2097d45810fe84b",
    "vision_tower.blocks.5.attn.proj.bias": "4023bd24468ca2e97bfbf4ea1b0f54f31a61ed81d8191d3d9795fb8dd7fc8ac1",
    "vision_tower.blocks.4.norm2.weight": "15ccb3a049f08f363211927e02780be25f6c8e4a3fa75920cb33c3de2af72e61",
    "language_model.model.layers.3.self_attn.o_proj.weight": "225664ce466cc6727ddadc91558fdd0a51363b74a9401f6794664298d2fa5686",
    "vision_tower.blocks.4.norm1.bias": "2262f62f409fce69c314b9cd7695c07b71cc00f5cd199ff8d08efdfdc1b42a34",
    "language_model.model.layers.14.linear_attn.conv1d.weight": "7490b19c5f7dd15999795e653a16a31092b6e27db10724370b1cebd28839dad8",
    "vision_tower.blocks.4.mlp.linear_fc2.weight": "ac8ce225db23e37d604e5b5813534cc81ce8c60c7546c6ae996e22564e17f75d",
    "language_model.model.layers.4.linear_attn.norm.weight": "22f357ca1c5ec590ca5cfeab248a632ec5fe0e7bec97e6da0b642358fe2b7657",
    "vision_tower.blocks.3.norm1.weight": "c0a0ca3b8c6c7c666b3bbc46774cb9ce692108ecf294da948be302700ce0f3d6",
    "language_model.model.layers.16.linear_attn.in_proj_z.biases": "2577d1926c8a83335ac329cab7c56ce9a37de72272fa2bc478cca915a429071b",
    "vision_tower.blocks.3.norm1.bias": "ccd4ab287655bfa341e8da3f28888eaed3844d24082e3e34dd0e498c73dba7ec",
    "vision_tower.blocks.3.mlp.linear_fc2.bias": "7d497d4212b64aafea7202c0de81fe5ca58cdada3808888ab7a0ee29266c5d52",
    "vision_tower.blocks.21.attn.proj.bias": "ddce992a2f6740c6d080c5f7def34f842dda98cc8507181634467f45a658db37",
    "vision_tower.blocks.3.mlp.linear_fc1.weight": "bd769c4194bc6402e9c508fb27e2919f6d1aab7977f4befce404e0bafbc1b609",
    "vision_tower.blocks.3.mlp.linear_fc1.bias": "c7c19bda7e6dca6b0e8e6f1fc8c94bc78a98e3ae73c9fd8517f5e1e76e86b1bb",
    "vision_tower.blocks.3.attn.proj.weight": "f7c3cf9406b93f617689c34ddef8ae3da1ccf598bb4457134bfe628dac2f82e8",
    "language_model.model.layers.17.linear_attn.in_proj_qkv.biases": "ed283089b7e2b2ab8d736da3e75ee39197272ae8de0ef380482720778141f751",
    "vision_tower.blocks.23.norm1.bias": "1702756feaa3d045038e68c2fd6935b4e31d0fc67f8f154b18cbfd70fa83a2f6",
    "vision_tower.blocks.26.norm1.weight": "0908393295c830c86a7c82d1f8c5f1b99d30c2de853f1b0566392f84a9216977",
    "vision_tower.blocks.26.mlp.linear_fc2.weight": "cd96c267fa6b50495e5b6ad39460aaf5803648210896d70889c0e0b1b2c0fe84",
    "vision_tower.blocks.2.norm2.weight": "00c65abada72ecbd36b0db04d4a3306ab790147a30e4cc768765d5b0ae10f7cb",
    "vision_tower.blocks.26.mlp.linear_fc1.bias": "ec074ec11452da64ed82dc3eb54ea7f077a172832c0aeab89bfc6b948029e1fb",
    "vision_tower.blocks.26.attn.proj.weight": "8d560e297d6b6b7b1d0655f35a7ae3dd87fb463139e02e6ced70ac03633085ef",
    "vision_tower.blocks.25.norm2.weight": "32a77a1b5f08c9cf4698c9459d20b4d12784acef057c5f8559a289fccbb0fdd1",
    "vision_tower.blocks.25.mlp.linear_fc1.weight": "8658fd72b4a74f68e33bc995a34aae7d25112dd922babf0968626ad9128331eb",
    "vision_tower.blocks.25.mlp.linear_fc1.bias": "7d3c75adf3ca302f8fa82a87b7f139849dba639017acb9805d71431631b849bb",
    "vision_tower.blocks.25.attn.qkv.weight": "2034f77be5cdb78a6e80cfc84fa9fba232ff5fd97585ca0fce77b3607e6477ae",
    "vision_tower.blocks.12.mlp.linear_fc1.bias": "9d14baa4533fa39de26dcf4782d747c65d283983ad3dbf14ac44da801b0d59df",
    "vision_tower.blocks.25.attn.qkv.bias": "28609f651a529c1a4d478bcb6befb482449d53817f7195c16e323c0361d203d0",
    "vision_tower.blocks.25.attn.proj.bias": "171b00f226abc7b45f899f536ec194b2040b5967f2ca8cef171f64643db86437",
    "vision_tower.blocks.24.norm2.bias": "f8a0a36877ae6101e4fb395882a86fc24aea19bfe63e7d42152dd22b030cf53c",
    "vision_tower.blocks.24.mlp.linear_fc1.weight": "a788e63c6ec9b5b8a489a5ebfe672bef9eb21ccdde201053fba5330ed5ce9f27",
    "vision_tower.blocks.25.mlp.linear_fc2.weight": "0641b77c7f5f50b12fcef9f3907cdce9aad8441a77d3b88ca62b2a3eb8378d0a",
    "vision_tower.blocks.24.mlp.linear_fc1.bias": "1043d8e7201d296990fa286e70ecc12a9e889cac676b7ed0042621c3697d30ed",
    "vision_tower.blocks.13.norm1.bias": "d495cf930a5e1ee76c47ac3970427342343202ab1b0703fc66c322640d1606ca",
    "vision_tower.blocks.24.attn.proj.bias": "469172cc244d9f2f031df5ed5ae3e5d3bac381313178b000651eb952d777b2b1",
    "language_model.model.layers.13.linear_attn.in_proj_b.weight": "10eaf076ca6979903ccf9b7efc511e8a9d9ad212777beb1f9e03a4376ae99dbc",
    "vision_tower.blocks.2.norm2.bias": "06b1eacf868440f7a58a4536822940fb13b0d3cabcaa2e848054c91754c63887",
    "vision_tower.blocks.23.norm2.bias": "35c85dcadeb6e38e0484b4578791ebc5a11e750ae688cd0ca7341fa5044663ac",
    "vision_tower.blocks.23.mlp.linear_fc1.bias": "d5c99e79d2dd3f3c5a76f81ad18fb5517ba1a2df23c6765402f438a759dff31e",
    "vision_tower.blocks.22.norm1.weight": "5e4afd31401cf89112a4c9e7cf5e15a9b329e5b90e9c8795f3ebfa3288a18203",
    "language_model.model.layers.14.linear_attn.in_proj_b.weight": "64e2b8981ea3b521c2f5779c19f22359bdd1ce013c1773184fa5850f663e3795",
    "vision_tower.blocks.10.attn.qkv.weight": "84268db8b64af23d68dc59f5f66e24c18f52ec07270bc11f75f6eeebdf0cc1ff",
    "vision_tower.blocks.22.norm1.bias": "ca8ae940e092969998511352fdac8d366834df5ebe339b70926e717d90c3f4bf",
    "language_model.model.layers.11.self_attn.v_proj.scales": "ec7b9662c7375866ca6d7fe1e3c4fff4418d426d1be4a1fd8284d05469e004b3",
    "vision_tower.blocks.22.mlp.linear_fc2.weight": "499ac770cf70d0705a1d4004187f6b5b5b2c77a8959b16327e00bb61ac490382",
    "vision_tower.blocks.22.attn.qkv.bias": "da38ca3b99ef02288b70145ef7d588310f1361fd08d23d1de405a124482a55e2",
    "vision_tower.blocks.22.attn.proj.weight": "15054f748be4b6537ec8e406568c702de524a6a477976e4c21745addef02d23d",
    "vision_tower.blocks.22.attn.proj.bias": "5adfc18d9079b822c302a86708035b39b9ff942650fb07a6782d732983536c04",
    "vision_tower.blocks.21.norm2.weight": "e2fe65b91a511cb58157beeff3f508c66342b63a0b4b102cbab451431718b84d",
    "vision_tower.blocks.5.attn.proj.weight": "3ea66edb608073ae00501bc7875fa631745e3f8553d677044af2bf817c8a9c26",
    "vision_tower.blocks.21.norm2.bias": "587f6a2f48c6790c0aa9dc60383c4f6328b133ee106afeac75e9578d6e69da91",
    "vision_tower.blocks.21.norm1.bias": "41d7c98f53a088e1b35f14605117b8c56401d1f44e728a0b7f99db21cacba294",
    "vision_tower.blocks.21.attn.qkv.bias": "0b26c0010c44a5fbb7bee7de042aaac3901f4527d7e7482919c80518f8ed93df",
    "vision_tower.blocks.20.norm2.weight": "5a605eb020571e1a9d42fb76bdbf30d7735a9fe7054591d71927831200b5bdf9",
    "language_model.model.layers.15.self_attn.o_proj.biases": "e6ed0226f1184b3a0e251859196a009a154a409198568bbeab6b522feb1a92a3",
    "vision_tower.blocks.20.norm2.bias": "60be8e510489f3680f0033b19e4176bdf01a086dcfcf313f1820bc636a0cd51a",
    "language_model.model.layers.17.linear_attn.in_proj_a.biases": "6d5fa9144d4d299d1f77e4f543a45cf55c7637b2279158d9c732430867b787a9",
    "vision_tower.blocks.20.norm1.weight": "aea910c66fb17a316501191bf8cd010ca077de382afefb7d0ceb2757814a752f",
    "language_model.model.layers.0.linear_attn.dt_bias": "969ce6b2149d20f0c365373fd89613167e373905c15f0e1cf5af62adf52228de",
    "vision_tower.blocks.20.mlp.linear_fc2.bias": "7dfefb08747945af172ed0e2b10a903fbc3594c84306865b51b0884b6c3245c4",
    "language_model.model.layers.8.linear_attn.in_proj_z.scales": "f2e3a2b098218d69d03a307d3dc22fb11a1e9e8ed4225d7ffc6e50ced7c4235c",
    "vision_tower.blocks.20.mlp.linear_fc1.bias": "2cab87c8c8dde5ca8a8199dd1ebfe93786664261d41a8be3115ed1b93996a2ec",
    "language_model.model.layers.11.self_attn.v_proj.weight": "aec1638698476e82976029720f7a21a9f1539ea6f04f922b2b6b377c437bed5e",
    "vision_tower.blocks.6.attn.qkv.bias": "7e289d608ff1b2208fcf04cb118db29055ad486abdc979eaeadf5bca876fb996",
    "vision_tower.blocks.4.mlp.linear_fc1.bias": "85a44595b52f30c229b4b08577986a38ff97b480c2a297e9f27b9363f31b9189",
    "vision_tower.blocks.20.attn.qkv.weight": "184a58b427d7f5ed1dd6bfd9a5e390173bd682b89d7660d44dada3ad4152c8b3",
    "language_model.model.layers.13.linear_attn.in_proj_a.scales": "a8fd2d6a0774f73881486bff3e7907f6c803d7c60af14e798352fae75e98cb26",
    "vision_tower.blocks.22.mlp.linear_fc2.bias": "5467d6577f9b49c11ea62f78426cb00e520310b2b2abd46aff3f9b96bde73cb5",
    "language_model.model.layers.16.linear_attn.norm.weight": "2d6fb99f4e5b02ac72f8439de9ec1474b4853cb1ebbf4532f9596a7392896f95",
    "vision_tower.blocks.3.mlp.linear_fc2.weight": "342820d273490a1bcce1a7030f4fbb1a726cc50b873baf770ff95538f4d629aa",
    "vision_tower.blocks.2.norm1.bias": "a07a6c06248528e970c4a5d929185c455549e2d46d4c2a9eeb40d859ff972f54",
    "language_model.model.layers.14.linear_attn.in_proj_b.biases": "f108cf4535954870d20ea1e2cf20557dff0fd61b8c3fd2e47306e60e3ba1680e",
    "vision_tower.blocks.2.attn.qkv.bias": "7f29344d3d704fd2a9927ac563bc49c550a92bbabba01a19c2146496076fda1c",
    "vision_tower.blocks.2.attn.proj.weight": "7e4a492b887bada1a81b245a42719b1b33c0d256e776ee3dae538e857a0840ae",
    "language_model.model.layers.0.linear_attn.out_proj.biases": "b8904b105a76d9991a9ebbc400b93ef416a74d3b167950412dd66170d18f5d3b",
    "vision_tower.blocks.2.attn.proj.bias": "0591c0349750f017d5120d5f32d2ea1cbc3fec7b7e3daa87b7f327bbe372a6f8",
    "vision_tower.blocks.6.mlp.linear_fc1.weight": "0f12aba15c8d55828d3caff30779c290b0a22d7d8fbcd49ae5e6b066a8fd71a6",
    "vision_tower.blocks.19.norm2.weight": "0fe7ec8843fdaffde656ae982eebc537b2d86f264b7e32f355884622f0b3ad2b",
    "vision_tower.patch_embed.proj.bias": "2902c4440ea29c34b65d39c9aa6dee2f2e4d2839845ba5afc0daaf0c92b2f513",
    "language_model.model.layers.3.self_attn.k_proj.weight": "1c3439f553b99cb2cb655703cb7bfcba283fb5ac3c3bd5707d4c3ea92b5d4605",
    "vision_tower.blocks.19.norm2.bias": "15e4ebe3073814f02456d53cbbc053f3d6a99e503664dab370d6eac2de50755f",
    "vision_tower.blocks.19.norm1.weight": "4654a245b288aa7c2b854a9cde2eb8a09867dad3c608b87e4b98e74f269598cc",
    "vision_tower.blocks.10.norm1.weight": "873dc6bee81ee351970048b426d5df0d746313bbf6941111978c7fcc1280a3a5",
    "vision_tower.blocks.19.norm1.bias": "508a4b7d1c9bd545ac455e6c70ecdc6feef7fcda63db6ea04c2773f9945ccfd2",
    "vision_tower.blocks.3.attn.proj.bias": "b016457cfbba73b83e3ab35306c715e32ff9f5d89956a87c9acf0511fb0eefc3",
    "vision_tower.blocks.19.mlp.linear_fc2.weight": "43f9f0760dcc92ee41696f5bfec448d1bcb60a00535547c4ef6e814cec15122c",
    "vision_tower.blocks.19.mlp.linear_fc1.weight": "7e58e3354e86625ef05972a8e162dfd5dbf414e964398329d1cb198ad15bf56e",
    "language_model.model.layers.12.linear_attn.in_proj_b.biases": "3f90ad2ac226884269ef46daa144ecd27dcd17d4b207617665df64b1d438e0eb",
    "vision_tower.blocks.19.mlp.linear_fc1.bias": "3cf4dd0ed37f11c9c636d9b78552db3c76b294f9c9e442f6ad4ddd2c265f30f8",
    "vision_tower.blocks.19.attn.proj.weight": "75696bd111dfd363d1e7d7dcb086f9a7ba8d2afa8a42b74cc57baad57c91d556",
    "vision_tower.blocks.19.attn.proj.bias": "eb412e1cd50acc61422b9c46f8bccbb12d028ea8c109dc224b055536a462b54a",
    "vision_tower.blocks.18.attn.qkv.weight": "607cf83ca7da6426d237a336bfc3ea3595c3317843cb38de6a7e2bf89225b92c",
    "vision_tower.blocks.18.attn.proj.weight": "a93f6096e3a85a7ced2a02d281b6f9698bc4ecd22c5eb722a0a2417a37c9df1d",
    "language_model.model.layers.4.linear_attn.in_proj_z.scales": "bcb3d5323cc70ff17d05f9900bef3dcf4d104e9c76c6fd712b1776777f7bc0c5",
    "vision_tower.blocks.17.norm2.bias": "e009440e3552cf039e5e42fe073407c5ad226c98b25ca0195cbf6fb6e88900ca",
    "vision_tower.blocks.17.norm1.weight": "bf81a3bce9fc36252f8667a96a29f312dafcd1b89cc521792f3bb8473cc9e645",
    "vision_tower.blocks.17.norm1.bias": "9345702cd9525bdbc4864e1ea8301b9b049ceee32e5c5c818714ec3a95a305b6",
    "language_model.model.layers.9.post_attention_layernorm.weight": "d5281e242dd899500afdd7bfdcf06b50e3fefe251b2dfc7407fb6b8775392b87",
    "vision_tower.blocks.13.norm1.weight": "82fbd8deabfc7db254d130ff142f7b390a70cb8379f3e4e51ce45612bb25e3bb",
    "vision_tower.blocks.17.mlp.linear_fc2.bias": "8aac2195ddaee175cea136196b5793d32bc81a2c09a1c584d614d0f095647087",
    "language_model.model.layers.13.linear_attn.in_proj_qkv.scales": "089fd7a2a46a9dfbf67a1318503d9b3b52174e6288444879d34d236eae1ceb01",
    "vision_tower.blocks.17.mlp.linear_fc1.weight": "9d1faa20dcff30821b1e4fbc0485a14bc97757d7e9891fb8b0552c8cacd0ffb7",
    "vision_tower.blocks.17.attn.qkv.weight": "ddc2a9ae2feeaf9b3fcb81f9798a3e8b0a063169a300968db349d4e1c64da890",
    "vision_tower.blocks.17.attn.qkv.bias": "9f240a37352b9b0a489e9a317cf9b10a4605859adf9ddf3a4f818d795670c010",
    "vision_tower.blocks.16.norm1.weight": "260bdd8244860e5822f0a9e8f7ae437826b26098f52a5b9689b7cd03f79577a7",
    "language_model.model.layers.11.input_layernorm.weight": "aea0dc57f89450f886a7912a0d25e7419bd3e7f45ef89464f30e522d58842f5b",
    "vision_tower.blocks.6.mlp.linear_fc1.bias": "39f739314e64980fde6b062395af031911c432b1152fd50af94b47f505695c8f",
    "vision_tower.blocks.16.mlp.linear_fc2.weight": "cffd0bbdd79fe0dff586efe075777ca3346b9f2b1bb05711f834c2ff8f497e43",
    "vision_tower.blocks.16.mlp.linear_fc1.weight": "d8020db3d2cc43b46ce79dc9c8c6d21ed25a566ec6b05a116903e693dd9baea6",
    "vision_tower.blocks.16.attn.qkv.weight": "47b2780a61cffcaa7e47ba4398f490235b55995dc6069a5d98849cd9f9fd7865",
    "vision_tower.blocks.16.attn.qkv.bias": "0789173415750bca994acc3b40fe0fd8f0f0bbf6dbfd03bec2c59f8a8d025d4b",
    "vision_tower.blocks.13.attn.proj.weight": "4edb5b1380457a05f5caebc0fdba07a088d6dd832c465d0b072c5d5a8cbed2f1",
    "vision_tower.blocks.16.attn.proj.weight": "712963f9749240183fddef717ed8d886cffb0966cc8509d76506b147b5c05ded",
    "vision_tower.blocks.0.attn.qkv.weight": "b8c861010db76ac6f92da243af6a483093789ff6ede3edb965df34beec0dded5",
    "vision_tower.blocks.16.attn.proj.bias": "61f9b2c656117f082816abdd33eb54c88c3bc1f89b8bff377a259a05f1c9824e",
    "vision_tower.blocks.15.norm2.weight": "623916071b0199210c445c5cb52a361c8d1d4864574eb90db4acd6e9679a6013",
    "language_model.model.layers.6.linear_attn.A_log": "03dfe3941091f525b5e0e093e363756c1ba3e800992501682effc90cc1fabee2",
    "vision_tower.blocks.15.norm2.bias": "226c25d4c7ec53c8a034945f4eda0208fff8646496a78309fa5b96cf33fe0862",
    "vision_tower.blocks.15.mlp.linear_fc2.bias": "0fb7a2a0ec75b84b31e1b15ea19b9fd760a415a897b43d73457a7756b96c15f8",
    "language_model.model.layers.14.linear_attn.in_proj_z.biases": "07c10867ca940ed724cefd0ee6a4d6dbf362286912de1b27051537f1d132b04f",
    "vision_tower.blocks.15.mlp.linear_fc1.weight": "5c74e753368e52fdb89272f4586b6bf6af17390a2893ea192cb7b064d9872cb2",
    "vision_tower.blocks.18.norm2.bias": "942ebf0e63ecd7c1c2b4cba3732b83ed8f9509ec6d0dbb261f2090895a2f6084",
    "vision_tower.blocks.15.attn.qkv.weight": "8152a5f0774d1ea3acea98b07645274464a22ccda40647661baef9b9ea9f3f15",
    "vision_tower.blocks.15.attn.proj.weight": "33fc778ea6168a3e587ef8a50dc64b5071220d85bd83f2e403a0b5f7e659c509",
    "vision_tower.blocks.5.mlp.linear_fc2.weight": "b1fadf52309380e1c3dec0024e49498bb50dfd655d19d7941853ddbe5e671be9",
    "vision_tower.blocks.15.attn.proj.bias": "feeeea169f8f3e82ee507f4dc1cfe3dd512a6fd4d419789724547d36804c9149",
    "vision_tower.blocks.11.norm1.bias": "84af952ad28dee0733788a26c32dd5a482a2c1d6c81d9ab8e5d676a7b61c1568",
    "vision_tower.blocks.14.norm1.weight": "63012a2676c5aacd4caf7299ee936cfbe314017ac9ecf4150a6fff0dc84c3e1c",
    "language_model.model.layers.7.self_attn.q_proj.biases": "1d856d72598bde8de78234f367a7ad5223edd53879f9443f486f2273e4e1acc3",
    "vision_tower.blocks.20.mlp.linear_fc1.weight": "c4321a33f83a2b8c072897bfa99c82b1fea1d11e2f1c1165218d4b834bad7516",
    "vision_tower.blocks.14.mlp.linear_fc2.weight": "0549f78c3fc0df506ae99ef194cdb327ba698a69f19f6081225fec85d916e4fa",
    "vision_tower.blocks.14.mlp.linear_fc2.bias": "f0f2d54e8173065d7f31153f82fd06eef0cd275676c504cea3b9136c27743bff",
    "vision_tower.blocks.14.mlp.linear_fc1.weight": "c5d9ec7e13e32c0b5bfb7bcb9746f8a2e630f23febfa5fc7b796f556aa170a07",
    "vision_tower.blocks.4.attn.proj.bias": "60358ad5c0a7ae313d40e58d70ca793690832291e31c3fd160a3393b9066b956",
    "language_model.model.layers.16.linear_attn.in_proj_b.biases": "48580aae615b3ec48e42b4b08098b17703015f96da647d9edb56d42919894e97",
    "vision_tower.blocks.3.attn.qkv.weight": "f307b64dd2f1d8d624dc6f38c4044d75bded5146f617b5dc5a97ffa6a42a8667",
    "vision_tower.blocks.18.attn.proj.bias": "12f24395a2a8aa07645f052dc03c904d6ee20eecc8fc06f7d84b97d614433684",
    "vision_tower.blocks.14.mlp.linear_fc1.bias": "958ea62aaee24be39f7f1d1bad459d890b68eed6c5f99fd66dec7446500ddd9d",
    "language_model.model.layers.9.linear_attn.norm.weight": "414f2cfcfa80c09f6e3d48156e46b09f7f96963defe4bdbaba5a883a0d2d4629",
    "language_model.model.layers.15.self_attn.k_proj.biases": "1098d7f7965ca3e2196654b7783244fef55a7b91b37b9737232a91231ddad03c",
    "vision_tower.blocks.14.attn.qkv.bias": "26ce4433dff23338868cf6bd3d765515c889f9eacbe291ccd8836debb1c258c0",
    "vision_tower.blocks.14.attn.proj.weight": "babfb7dcf4498c4df26cd5f14004bd1de080a59231a7182a7d311d3645f7895a",
    "vision_tower.blocks.13.mlp.linear_fc2.bias": "10f5fbd5aeabf6b3b8da7fe456998f0c5c2f403f247e9cd06583db9f58535297",
    "language_model.model.layers.9.linear_attn.dt_bias": "90db4f61e1c708001c115276daa864f5a776daa704aab53aeafd38714800cad4",
    "vision_tower.blocks.12.norm2.bias": "13a321fc7bbace43c336864f8e679a4a90b7900f3b961d200e03cc0ce497d078",
    "vision_tower.blocks.12.norm1.weight": "639ed25d2ea221e2973626b1fb6d7ea06226df4967743febe8eb5fd8c8a9fb81",
    "vision_tower.blocks.12.norm1.bias": "f23f4507738831cb7ecc2d2e8bb1a0ca5930fc7db7e97bb08e227cf00ba4b345",
    "language_model.model.layers.0.linear_attn.in_proj_z.scales": "54a486030614c836913965d43abfe58a112440f848b1d5cecce383bf1be0dfc4",
    "vision_tower.blocks.12.mlp.linear_fc2.bias": "59e2380c5ae2a282009aa08defee108b0adb1389f7f1caaadb50792ff1e4f6bc",
    "vision_tower.blocks.12.mlp.linear_fc1.weight": "32b6a7504f39e24cff9959b7f64274bb3463db1531fd214e31c31687f9d2a371",
    "language_model.model.layers.2.linear_attn.in_proj_b.weight": "7310f9ba088532688b0c7924e9f2ea93d7cc028a9c677a4465d8c7519d3a8f9d",
    "language_model.model.layers.7.self_attn.o_proj.biases": "f7f53949056462a8723c53896adb863c0c00709e140f71979ba2f0a002137026",
    "vision_tower.blocks.12.attn.qkv.bias": "edf4a6fa52cd5e56fa89b299a1f6a2fe83daf6e71e3b3e29026a9a84deae7b41",
    "language_model.model.layers.16.linear_attn.in_proj_b.scales": "516a296fae1ad23922b25b67e66090c6b02a3c8ebcf22431b2252ca203494101",
    "vision_tower.blocks.12.attn.proj.bias": "1d9b825ce040ea14e44e466bc398d4c49b58dc5b91828365f84e7181bb169663",
    "vision_tower.blocks.11.norm2.weight": "2aa573dc549470e70d4271821e63f6e927d2fd8b1d8d729542e223a4ca366319",
    "language_model.model.layers.10.linear_attn.out_proj.scales": "4f36efc255339ebbb9669462b453ad4647c0110bfbb7a94a14b8a48a9fe22038",
    "vision_tower.blocks.18.mlp.linear_fc2.weight": "8639e8eff1208f8f897ad55534a933002d33504df8f518e7c0829405ca946bee",
    "vision_tower.blocks.18.norm1.weight": "8a866ba90304ecfa7e8cf43fb539b4e50aff840817bdaf1fc32723dd1e9f4e54",
    "vision_tower.blocks.11.norm2.bias": "75f5f803b85d93790a890cc6e6e971d36f05bb68fbd17c5d00107a314763c21a",
    "vision_tower.blocks.11.norm1.weight": "52fffe39a62b0560b3bd90819b75f255e6d4338a7c7d5083a70b8c69fcbfe281",
    "vision_tower.blocks.11.mlp.linear_fc1.weight": "7b1a18cc025c155ce33fda613d30ff703252a07075e122ecc47fe8e3fcf0eb5a",
    "vision_tower.blocks.5.norm2.bias": "e75cc491639c33a29c3488104880e0e51ff7a71eb102ad39967f853bffeec213",
    "vision_tower.blocks.11.attn.qkv.weight": "3c7fda7b4d8b311b1c13842185f49b01528a28bc4115132d57c29fa458c9598a",
    "vision_tower.blocks.11.attn.qkv.bias": "12100a3e3e1466c1d5db09e51a363ce4814181e78c03b7f89886399e9b886167",
    "vision_tower.blocks.19.attn.qkv.weight": "94ac7d0b8facf0efe1068d469f9fa91812bbfabaceb0da2cf110ac86ad70a142",
    "vision_tower.blocks.11.attn.proj.bias": "4b7a49377c752a7288b58763b5f0e88e79900f79b1bf5b8bbdcf5e833d462eea",
    "vision_tower.blocks.4.mlp.linear_fc2.bias": "6296fa7b6ee5e2dbaa67b5522fa5c87cf285edf6aa1533b997223ab96ee0d068",
    "language_model.model.layers.7.self_attn.o_proj.weight": "b55e75a36d0896f375f04fbc20752bcc33da737de0546aa6c317a95f04393991",
    "vision_tower.blocks.19.mlp.linear_fc2.bias": "cda0c855e85e27606dcb068b61fc959a69d756986e412495c8bf8756e64143a1",
    "vision_tower.blocks.10.norm2.bias": "e2251c0733a2baef05d16795900175c309615158a7cb66eeb11a21c1f39bb547",
    "vision_tower.blocks.5.mlp.linear_fc1.bias": "edf5b9754a9091ec4820eed02a67cbb2818f81737ed162f9355a679193c9c9f2",
    "vision_tower.blocks.10.norm1.bias": "a406034afe1d07f095d08ea686cf75d07438086bf921ab74b4cdfbd127bb05f1",
    "vision_tower.blocks.10.mlp.linear_fc1.weight": "f2912299d5de7db822b9c2a8784b099b0c6c644be4f53cb690fbf50ae08b128a",
    "vision_tower.blocks.10.attn.proj.bias": "0ddf7dbb494192a06b899fc2b85750de111d95c44e358b870c2a32b715a82447",
    "vision_tower.blocks.1.norm2.weight": "a5fec3dbb38a32e51cb97753601cf59a9bb74e8ebbd54a354a3e7ecfa4c784c7",
    "vision_tower.blocks.1.mlp.linear_fc2.weight": "f642596f196e62047ddf8335345ca044f301adb31b995bd84ca71e59bde43f2f",
    "vision_tower.blocks.1.mlp.linear_fc2.bias": "eb22df00cf6e4cbfc7fabb6e84ba5fbac57c49e54925e2c7301cb2f6d30f42c0",
    "vision_tower.blocks.1.mlp.linear_fc1.bias": "c3e8e9a7194ffa0d0c66257e1ca35383f38f0646e51bf7435eeb647174c02c83",
    "vision_tower.blocks.8.attn.qkv.weight": "c8fee40b4407d694f164d16572ab87e7501c046fc1bbb711ea945738f6e76a15",
    "vision_tower.blocks.3.attn.qkv.bias": "991ca9bcf60c7160b668d5f96c15cbe907f98a3dc0846f792c12c5bc0872d626",
    "vision_tower.blocks.14.norm1.bias": "b73d113efb7ad3d80ffc1708b1e57bba595f6a582789e6782b18d4b69f348c61",
    "vision_tower.blocks.18.norm2.weight": "793eb08c5700920be745d68a8eed49249cf7293e7acdbb3441a36567ed829a56",
    "vision_tower.blocks.11.attn.proj.weight": "b71a4664296278d81c9fc7dc1604c09b9b936b4232d67463121efc372adc8eb8",
    "vision_tower.blocks.1.attn.qkv.bias": "2e280f20f22dc825c5f8d7986486ce33390629d6252e2ff88555cbd54a69b511",
    "vision_tower.blocks.1.attn.proj.weight": "96aa348d9fbb9533491cca85e8adb975e9ddf1c12152723e5a4bfffb4e8979ef",
    "vision_tower.blocks.0.norm2.weight": "c37d36c960224e38aa3fcd2be4e0b159d1c0946d8c53f59dde8fcc25369bdc03",
    "vision_tower.blocks.10.attn.proj.weight": "c1a80770d6fcd4e177f3828295530090e2450e1fbf3fbbf33ebbbbd7e836eb4c",
    "vision_tower.blocks.0.norm1.bias": "ea4ea502fbbfde78a674d3d1b4c76490a4786b80f0fbe7a3af1be3940829ad67",
    "vision_tower.blocks.20.attn.proj.bias": "04d3e1eaba53abb9d769eb8472d5e9eafe1bd322e9d167785878fb921918f7c2",
    "vision_tower.blocks.26.attn.proj.bias": "561131730caf36582e27e31756017508c7b238eb929f437cd5798407cbce7260",
    "vision_tower.blocks.0.mlp.linear_fc2.weight": "8859eb713879bea5920ecdb61c99462890ab9ba9edde6961200481f9753dff4f",
    "vision_tower.blocks.0.mlp.linear_fc1.weight": "623477f47a9e8b41ee62db6c3f44b2c8c643a35ae2557ec861e93e6d9f676f04",
    "vision_tower.blocks.0.attn.proj.weight": "668ae12853cb4e925a22d51208146b75ae32b852d9c909f2e0b409b309d39030",
    "vision_tower.blocks.0.attn.proj.bias": "448427e85491acbc910a962a2844742d3d14946267fc3da1eda0dd0d9dfe2755",
    "vision_tower.blocks.5.attn.qkv.bias": "17a5a7a517f3e8685de1ed12eb7aa927f0e9d5bdf6934967eb3b13208f11ed24",
    "vision_tower.blocks.25.attn.proj.weight": "38ba0533361aafd95be0c211e10922e52d13d7db148ffd5b66aa50d52a48ca68",
    "language_model.model.layers.9.linear_attn.out_proj.weight": "d40954c0072ec938e9b4c03793bbdc9295bf74d0b49981d41630c61e520fb706",
    "language_model.model.layers.8.linear_attn.in_proj_b.biases": "298d7e79eef70412f0b8a839cd4ec6d3c44776b4910790c384431b8fd2dfafbd",
    "language_model.model.layers.9.linear_attn.out_proj.biases": "0af0627212e6751b2eb4e5422bec2b90d4d1025e27fdebcfc784d9b75fb528c2",
    "vision_tower.blocks.18.mlp.linear_fc2.bias": "9dcea5ae0ef5a2f7ff0ed98a8fbeca6f3fa722419c0a69f90587639f88e2cd54",
    "language_model.model.layers.9.linear_attn.in_proj_z.weight": "8b1ef1c586cff681d08f3501cff73060b947236a690ff31e31c5109fd887a3e2",
    "vision_tower.blocks.8.norm1.weight": "fb3ebecc677491037cff265f5af04f410d4480e19b59c4a329a7e10af7c451b6",
    "language_model.model.layers.9.linear_attn.in_proj_qkv.biases": "98d8989fe4d7fcccfa3f643d3abf85a5993673a16ca4105f3c03c8f57aa02b23",
    "language_model.model.layers.9.linear_attn.in_proj_b.scales": "262253c845e95cfe3aa0463b6a5834fc72d312164a2858ce102462a29328b729",
    "language_model.model.layers.9.linear_attn.in_proj_a.weight": "2f11c95cca38c763e3a2f34bc4998fc89cb488bece879ef4993cfab2a247839f",
    "language_model.model.layers.5.linear_attn.norm.weight": "b9cafb5cbc635f31bc4fdd4f078e72cf1669633e2f323729ce3b5c18e7955b05",
    "language_model.model.layers.0.linear_attn.in_proj_b.biases": "fb41d90abf6ab4282dbe4fee94afe806d3ecb2b7608a6acc36435e428bf7ca18",
    "language_model.model.layers.9.linear_attn.conv1d.weight": "b57a3dea913faa29098b0a7c0e3af33807e0f5e69e12bb559bafeb6f7782d1b0",
    "vision_tower.blocks.15.mlp.linear_fc2.weight": "3f1b02923c3d9d3c6f8be618255916b461e3227b23aa5f6541c6fd8bed3cfb9f",
    "language_model.model.layers.15.self_attn.q_proj.scales": "ff0f537edaa4be7c620ae17f5526dabe78940b739d5c6635af680556e698fac8",
    "language_model.model.layers.9.linear_attn.A_log": "d892e6df70b70029d7ba517afc085c61304f7ddd22f5657dadb7207d05ccf82a",
    "language_model.model.layers.8.post_attention_layernorm.weight": "7ecdd47a318b0fd84b54814610acb86d495613a0c91fc20db2997c040c7ccb15",
    "language_model.model.layers.2.linear_attn.in_proj_a.biases": "03126d95a8a3a26a3a81b1214df783fa2dd7c5a53ca215a4ba2e0dd5a7944e9f",
    "vision_tower.blocks.17.mlp.linear_fc2.weight": "46745f8c84a01701a4f4ca1b4622c96a53095a9765c7c43d921566886c0709bb",
    "vision_tower.blocks.23.attn.proj.bias": "48ea218744000ecd083e15a35a34d543d72b9fa8ff0c1afae0cd50062124bbe6",
    "vision_tower.blocks.10.mlp.linear_fc2.weight": "2c01798abee88e4291d40ff4e209d8ceb326b8ad40d3d7995c13ca2a2f07a1ba",
    "language_model.model.layers.14.input_layernorm.weight": "7b02e219f663bb0a5b943607df80ae0dc4ac6db50acc0dfbeb72afce01a6bb62",
    "vision_tower.blocks.23.norm2.weight": "773d0e74a29c25da07792195c61c013d8c3b475ed66465cf0517bad1c8264b78",
    "language_model.model.layers.9.linear_attn.in_proj_b.weight": "d310857384d4cff33691d26114d39bbb6363a8ee7c606f7f393b69b1ce4d553d",
    "language_model.model.layers.8.linear_attn.in_proj_a.weight": "85b5af41d05b0313ece023945192592f69231eda790de15ce2b849a0a7586e2a",
    "language_model.model.layers.8.linear_attn.out_proj.weight": "e58cfe8c93188a887e1b8d7a307476f69a996cbe86405510f3378b1a03794cc2",
    "vision_tower.blocks.2.mlp.linear_fc2.weight": "0067c307102cc16b36edfc86cea21c3522efedba839f61f8468033daba8e46c7",
    "vision_tower.blocks.14.norm2.bias": "cea588491138f4ad597b99c0a7ef02b2822850c9d8bd3d3f2b1432a9bbdc7e36",
    "language_model.model.layers.2.linear_attn.in_proj_a.weight": "8d2c042e919cfcbf5ca52e793458900ae906489162f6ee83e424bad303f3da50",
    "language_model.model.layers.9.linear_attn.in_proj_a.scales": "27063351afc7a8ab7e273010f69c6ac83802dace2859bb3091553cf67e374651",
    "vision_tower.merger.linear_fc1.bias": "1e380bd6bdf79025125d653ed0aa68bd11ab6c1804d0eac2777ddfc21fb7bed3",
    "language_model.model.layers.8.linear_attn.out_proj.biases": "a515740030029bbc93e275a6d8b2f0e9e4dbfd77b363879afc6973fc39d16ede",
    "language_model.model.layers.8.linear_attn.norm.weight": "87e3d68e4397c863b51bf7d8af69acdcd57de8a2f7f40400742ca8b99293a494",
    "language_model.model.layers.8.linear_attn.in_proj_z.weight": "ac2e81de904fbdfebbc32fc65204d2dfb01b5e7b7e12ea96e49bbff5c5fcd433",
    "language_model.model.layers.8.linear_attn.in_proj_z.biases": "8c0928b6e280e83b7db5882df7cb0fc208e325352a35d05fff0449ecd3ebadd3",
    "language_model.model.layers.8.linear_attn.in_proj_qkv.weight": "bc732ab22184ac541944cff7d7e8c291816de834e5fade7a2fa3bb1fdcadb229",
    "language_model.model.layers.8.linear_attn.in_proj_qkv.scales": "a3b73da6dac679f0c9f3d359f275db2019344cfd1c95c8078a424233a1388ce8",
    "language_model.model.layers.8.linear_attn.in_proj_qkv.biases": "1315311982ff8e086f0153ee1faee89840ee137c1021044f2c27dd42eccc4d08",
    "language_model.model.layers.8.linear_attn.in_proj_b.weight": "3f83b6263e578a4781ed4f81429d3db9d20c0bfade5a2184616bfa70fc3d7a3e",
    "vision_tower.blocks.15.norm1.bias": "2c006e6a959ea8a2101bc69b15377fa671a8dbc022069186dffd45a20222432d",
    "language_model.model.layers.8.linear_attn.conv1d.weight": "041581d74807e6573a8da39db37cfedb2a3708c7a6c64b5815eb5a0880061056",
    "language_model.model.layers.8.linear_attn.A_log": "05f4c5ba76f353af0cf7de881a0a44a9c06c8f51542d0f8d77a83246ec208ecc",
    "vision_tower.blocks.21.mlp.linear_fc1.weight": "9cdc072f847b8033e20169e5185448bf170820e88e8e7d2d9d39e8db134c76ac",
    "language_model.model.layers.8.input_layernorm.weight": "2a312729b6077c1db0083e4a54bbd0055d018836deeec29c3b920c72379f7a51",
    "language_model.model.layers.7.self_attn.v_proj.weight": "4cb45bd3c2a18333aa5b3c8e19e976ef3d6cf75cdd4b332bf4d01ef437c3ae76",
    "language_model.model.layers.1.post_attention_layernorm.weight": "d0eba49e2f89b3bc8c6db4d2e08dff9187089d0e6928568e88d24ee10883fc46",
    "language_model.model.layers.7.self_attn.q_proj.scales": "9b73995220b76cee8c1bdf3dbed5b41ec3ff3bd5dbbd50043801200b616aa1ca",
    "language_model.model.layers.16.linear_attn.in_proj_a.weight": "bd195481cc7d58aaeeb9eb21f750b1f490e23e4c4f755afbf22503f325855284",
    "language_model.model.layers.7.self_attn.o_proj.scales": "6cc044939a6cff83580d61f62329f816704b0ee3214471954c7e46c9460ba411",
    "vision_tower.blocks.1.attn.proj.bias": "ffbb74264cf0ad2259e045261b0753fa75cdfb7d53d70f3535164c06ee38f5ad",
    "language_model.model.layers.7.self_attn.k_proj.weight": "f5a04fbaa571ef7b1f85719da8d063bacd15974f50bd767cfd5bbe5fdd6bf672",
    "language_model.model.layers.7.post_attention_layernorm.weight": "51dedd78371fae39e1ae608adf78011266d38afb1c679eb4c7513de54d43542d",
    "vision_tower.blocks.23.mlp.linear_fc1.weight": "383b596168635656c971c32a4fcddbc5b56a66fe2cca817fbb9288f88707d937",
    "vision_tower.blocks.20.attn.proj.weight": "2489da2dfc0208247cafb2c050cf379674fe32daba3b290fd2b41ee02cdcede1",
    "vision_tower.blocks.16.norm1.bias": "e9227852930f9c3e2e7cf0245ade7f316d3fa2f187c3b1a901628ae1feca7fe9",
    "language_model.model.layers.9.linear_attn.out_proj.scales": "f1f98a21e5a53a6cba117c4da647c396c4703187cb2edf1f812afa65142946eb",
    "language_model.model.layers.8.linear_attn.in_proj_b.scales": "c52dc84eef8f0d8adf8d2aa28f01128f9c54f3c450e73d76c409378430449844",
    "language_model.model.layers.7.input_layernorm.weight": "3d22835b434d845023300cbdb14abf682c587526715e638da0a7a774febd2d7e",
    "vision_tower.blocks.1.norm1.weight": "73a762f3279daaf712f4457468ade63d1aacd0388f65f05a27ad44c513a8c362",
    "language_model.model.layers.4.linear_attn.in_proj_a.biases": "b3eb590d30ddfb31cbe2be42e6392dc4ee1895baf5a97daa17804ef21f3ae75f",
    "vision_tower.blocks.10.mlp.linear_fc1.bias": "5e53fbe4de5deb5a3478b0dbfb5f7a79b58586f3b270a327db8700e3fc402d54",
    "vision_tower.blocks.6.mlp.linear_fc2.weight": "e1c33f9265ee2a96bd03dfc4d8247fbe149d71906178659291d91c72944dd439",
    "vision_tower.blocks.20.attn.qkv.bias": "b5635dd243c169a544ecbcd5b8714d040a94c37271ea61bb58646a60ff5681b2",
    "language_model.model.layers.12.linear_attn.A_log": "496b32c41b9fd553ae424a48abafa8dcec14aa17af112059daf5e380453f03a7",
    "vision_tower.blocks.21.mlp.linear_fc2.weight": "fa314dd4624d43d220fdfeb95c383bd1f5c720fb493c63971cc3f8fb0ab371d2",
    "vision_tower.blocks.24.norm2.weight": "4a8f6c57757d31f3504086bd2fef08d689a3976df7f0c3e382931ad5123022e7",
    "language_model.model.layers.10.input_layernorm.weight": "2e37282e11e325ea65c99e43828e9c1555ab90fb0d93d6b0da6e60df2f0241b4",
    "language_model.model.layers.6.linear_attn.out_proj.weight": "21b12a84b46f7d25f2c8f5ac746276310e8916bd182b6c933428fa72ee4705fd",
    "vision_tower.blocks.6.mlp.linear_fc2.bias": "ae9260577f9359c0e3182ebb227f0a433d3d134758dfbc2a35e8d3ed90bad501",
    "language_model.model.layers.6.linear_attn.out_proj.scales": "7158cb85575db6509d225db41a894da88d6840f95d7e0f3cff4b4233507aed0e",
    "language_model.model.layers.10.linear_attn.out_proj.biases": "19af3a3aa45bdf2f383973c229fb7c55ef2d007aa7f7bfb41af0ad7eec15f23f",
    "language_model.model.layers.6.linear_attn.norm.weight": "3c431fbff25f5b220765eee28d68dd764ca50c31e4041315976b40cfaa36b853",
    "language_model.model.layers.8.linear_attn.dt_bias": "37a3ed537ae70e831e9e2782ff7cd7f6d2e0e3b2592e0717f2695f319bf8d41d",
    "language_model.model.layers.6.linear_attn.in_proj_z.biases": "56da626e6b34c7b8afae61446e44206fdb3778dd6c0917324122a5de3114b324",
    "language_model.model.layers.6.linear_attn.in_proj_qkv.scales": "5da6b26cb69fdd52d3149c46704936436af74d37624012e5cec59acb8e7886d7",
    "vision_tower.blocks.4.norm1.weight": "a77cfc2204c19e562866ce1755e18148252013b6b154b14c2c299851a07860aa",
    "language_model.model.layers.6.linear_attn.in_proj_b.biases": "543db2d4f1c9b2813cc3058f11555a4a16da4647767b14571ad0b17092098519",
    "language_model.model.layers.6.linear_attn.in_proj_a.biases": "4f535be81b6bbc8db17eddbce0b65b5359049a21c4f6efe9cf969984c050b218",
    "language_model.model.layers.6.linear_attn.dt_bias": "b5afa18319fa2d538405b7b9bf21757d0821768fa74973a33e882bc920e73bd7",
    "vision_tower.blocks.5.norm2.weight": "0a160a8187221302211984e03f11be82f46bd2633e281a1303fbaa3f163afcf1",
    "language_model.model.layers.6.input_layernorm.weight": "8ab571e5aecc1b1854d47d5ba0f0624f3a01123ae48fe45a8f63ad15ff741cda",
    "language_model.model.layers.5.post_attention_layernorm.weight": "79977e17b4fdaf8bc1a502ad89633a5e0691b9c3ffeb786fc89fa90ea2cb1bcc",
    "language_model.model.layers.11.self_attn.q_proj.biases": "6d22fc9e57c78d3b3d9d1c08b93a5ab1b6742a819500082ebf9f5c5753bd53db",
    "language_model.model.layers.11.self_attn.k_proj.scales": "40871894e8df21a2302047d4d6f5208fbb223bb3b63cd783fd9751437845706a",
    "language_model.model.layers.13.linear_attn.out_proj.scales": "17308556b6a2def87721b0d35ecc775fec9ed0e4d50c63f2a9f16a49d1fcbb12",
    "vision_tower.blocks.24.norm1.weight": "ad3b6c7d70df7f75c82c050f363158c1f486091227a47b1c72c7934e77f53eae",
    "language_model.model.layers.5.linear_attn.out_proj.weight": "4a445e82f7e6bf081fe46c30a8b294e5797597edd05bd42978ab6327ce01e577",
    "language_model.model.layers.4.input_layernorm.weight": "ae845e838653c4d08d9a6ed3dae162d25cc69d8334337cfe4d9e61599469a245",
    "language_model.model.layers.1.linear_attn.in_proj_a.weight": "2a78a8ff3f1d0592625a138e7abe6f552d190c2a78ddb83f03d2484247194e52",
    "language_model.model.layers.5.linear_attn.out_proj.scales": "735ce604dd71235979eca02fd8a0a4cbeb8cf5eb7fad8b36bdf3da6ecbefcc63",
    "language_model.model.layers.7.self_attn.k_proj.biases": "839683236939909aa0b9e4b08d9c6e90994b58a92508ca7ba908d878271ef6d8",
    "language_model.model.layers.4.linear_attn.in_proj_b.scales": "b4f53b36a4613567a3fd67444b051e86d658c181317a6fe1c33548843e7b51b9",
    "language_model.model.layers.5.linear_attn.out_proj.biases": "ce41f69d1a9a108ff5a857f0a63d1d8cba7db9d4b90a2a9a2148cf1d179daad5",
    "vision_tower.blocks.17.mlp.linear_fc1.bias": "84533db3c8182f94d4fa588111c144477f97a888ff45bc60f31c00373b7776af",
    "vision_tower.blocks.13.norm2.weight": "94672f9c727d432b1e52cee90d483113618eec556dc70ea687e48ed0a147ac62",
    "language_model.model.layers.5.linear_attn.in_proj_z.scales": "bad7ec6e0475adb99a7afa38615ae85daa9ab1ef97fe5d48ef57084ed3697460",
    "language_model.model.layers.14.linear_attn.in_proj_a.biases": "4734ffcfdf89b87bc73150e191d58e9a48d4eea8646e642c2b5067900c288ead",
    "language_model.model.layers.5.linear_attn.in_proj_qkv.biases": "de13b5830e85ae5c115169a58ea40584d19de47070bb15741270c577e3ac03c4",
    "vision_tower.blocks.22.attn.qkv.weight": "0fa64e070e9d660ed00636c18cdd808ca2c83137227ba5fe622a86ecb4ec1f31",
    "language_model.model.layers.4.linear_attn.out_proj.scales": "eac180055196710d7ebcd93b9df84d18d423a16d1d8f1a2ec56bba45216754a0",
    "language_model.model.layers.5.linear_attn.in_proj_a.weight": "c6c9712ca4ce1dbb1f2b5ce42c2279947bd359d5fd5cf54fc29f7a863ddca908",
    "vision_tower.blocks.3.norm2.bias": "5b28be1a028edf119a8e7fd1df624436010a5a89a96c9cb362f81022b895646d",
    "language_model.model.layers.5.linear_attn.conv1d.weight": "f04dc322e7818244796f4066fc139e3fa442283963556ccc6267ab2ed45c8780",
    "language_model.model.layers.1.linear_attn.in_proj_qkv.weight": "15ecad2fdc6b0a311aff42aec43a174b0334f3edfab13dffd838587716e411f1",
    "language_model.model.layers.14.linear_attn.in_proj_z.weight": "e3cd029908502b88584af2b4d3f9ee01c08ad9fd10233bc62fed3977370a94ef",
    "language_model.model.layers.1.linear_attn.in_proj_z.weight": "06ed31d013a9818b60f33bcfcc399381ee330331bd0394b89c7d0583f119de8d",
    "language_model.model.layers.5.input_layernorm.weight": "88be0e9d61328df7aae973bdd267fbf9f3c7b1528be76813e70c5cbb84376e9c",
    "vision_tower.blocks.2.attn.qkv.weight": "969a9d59d2add82760a0d9815efc170bc087e340a52b83af6c848c0c4033eff8",
    "vision_tower.blocks.16.mlp.linear_fc1.bias": "7bb3a77ce0ebb77dabcaacd7f606fffbbae16f300d57e440795419e6db55bb33",
    "language_model.model.layers.4.linear_attn.out_proj.weight": "6e9b254bee8a53e55e1552dac5bcc932a819dceacc0342491e1e6c90dfe037d4",
    "language_model.model.layers.6.linear_attn.in_proj_a.weight": "6190f426c676488c5ab0f3b077203b56d3c552dd7513b054127f6984ad17bb07",
    "language_model.model.layers.16.linear_attn.in_proj_qkv.scales": "b70bd40e555174019a73660c7f524d00b048b9e0857eebb26512cfe05794b8e4",
    "language_model.model.layers.4.linear_attn.in_proj_qkv.scales": "f1edbfb206e0684151bc39df993a9e3acca002d885233e683475130dd91363f5",
    "language_model.model.layers.15.self_attn.o_proj.scales": "dff9f65616eed37e3e095ac6695062b6679e47fc2d162033920be027c1af8713",
    "language_model.model.layers.7.self_attn.k_norm.weight": "74877084da81aea76dfbd03a7e78e80bf3fac2a02753c8e978ac2f69513ce335",
    "language_model.model.layers.5.linear_attn.in_proj_z.biases": "ccbe94705a33ea0cfd45e3ebaf62e1575d5154dbec3f793c2307e6e4a031eb8b",
    "vision_tower.blocks.9.mlp.linear_fc1.weight": "5dfaacc9a255ca80a1a740f8d1f7c3b74a8e9702d61b82285672f5b26b34be49",
    "vision_tower.blocks.9.attn.proj.weight": "628dcd3090dd94c111a45d8225a6638dc06e950f91a4088bd916d7cf1de0bb00",
    "language_model.model.layers.4.linear_attn.in_proj_b.biases": "49ee9768d1bb10063cdc50e64e9fd8abfb8b17ab919c61383a1064449989b394",
    "vision_tower.blocks.25.norm1.weight": "94fd03f5e625adfbd758598aecf112c88ae7f8a65a8d3e0927511737b773f3fe",
    "language_model.model.layers.2.linear_attn.in_proj_b.biases": "b79b6308688e47b3ef48ec61cc258a0a660f07b7410ecfdc742d1eae3a66aca3",
    "vision_tower.blocks.25.mlp.linear_fc2.bias": "2d77e9150c424d8b0858e380e5e39006dcb6693e4c7e49e209cee08b05b378cd",
    "vision_tower.blocks.21.norm1.weight": "26f6d3b23e8f26d6adc6c235c95a9230fe249787b9c92e41aeb3b428fe624c33",
    "language_model.model.layers.4.linear_attn.conv1d.weight": "d8ea319e49a076713f881b075116cc8738ab1ebc1f324cb084e7be277e8b22d9",
    "language_model.model.layers.3.self_attn.v_proj.biases": "b62238308a4a779fe197507c4673bd263120ed2f1e720dd2389fde6ac85cea17",
    "language_model.model.layers.3.self_attn.q_proj.scales": "512e212d5cc371a566896ff41ab03740fc472d04e8226efeb3583cc4e656e783",
    "language_model.model.layers.11.self_attn.k_proj.weight": "14fc011e0b528327140c7ad50df3fd1d6e8eb59833d402b9db7cc156287214fe",
    "language_model.model.layers.3.self_attn.q_proj.biases": "8851280055d9fd86d71947252d05852da7c6d769beea78f7c7cae832ae461e92",
    "language_model.model.layers.3.self_attn.q_norm.weight": "803cc70851f972afc1fafc73103d4257fd318b6718a04d65939ae6da44919d53",
    "language_model.model.layers.12.linear_attn.out_proj.weight": "0b78c565507f4fd0624de59f94098d6af848c3463c0f781215b167a5bdfe78ef",
    "language_model.model.layers.3.self_attn.o_proj.biases": "85878313f4b91da0774660b942e673e5e5ce2e66086248df4f6c77cc0d8081c3",
    "vision_tower.blocks.2.mlp.linear_fc2.bias": "944229e76ffb69321cef292954ccf83c67dce87e3f8122ada1157f29d60bff0f",
    "vision_tower.blocks.14.attn.qkv.weight": "fa42bc82d26fbf1f1423773e11a02a806a1e9b10eb6afc1bc284940d3826a4c6",
    "language_model.model.layers.3.self_attn.k_proj.scales": "4693cab3306566bf8b692f448e282e2afc1eefb80cc650f53076262b27b784a2",
    "language_model.model.layers.10.linear_attn.in_proj_z.weight": "4614eda3db5f2ce87a8571e3ad274c5cf3d1a76a11d7f8a560a111d37bcc0c05",
    "language_model.model.layers.4.linear_attn.in_proj_b.weight": "7bd0ada1ecb6a1c03d981f40a8f42c4994ac223dd4cbe314fc2cba0dd89af594",
    "vision_tower.patch_embed.proj.weight": "52e15a87ba2641263c756ec88510fb9c6f2f3beade4d789b16a3787c25307eb5",
    "language_model.model.layers.1.linear_attn.in_proj_qkv.biases": "a3b8f22703b54de92db31ad7fd7ca94a9734d58dbe46b1a70453209fb27d259b",
    "language_model.model.layers.3.self_attn.k_norm.weight": "be08bfe05b61dacbc4d13a3e2e11d7231664bc6fd25837eb013157f06d07ac04",
    "language_model.model.layers.5.linear_attn.in_proj_b.biases": "ee7929f0a830f76b24734b73939dd71dbb59cc832b68b4e3dd89bdfe49994ff1",
    "language_model.model.layers.2.post_attention_layernorm.weight": "1b23570383240f191a14d599d3f9073938a3c0d070a423bbc3199cf0c214de5b",
    "language_model.model.layers.2.linear_attn.norm.weight": "3b2f5e3ad26ceb7970100bd8647415666b5429b8f765c631507fdae95aea0386",
    "vision_tower.blocks.6.attn.proj.bias": "e531e94ab5e82d92de63353d37ab8b988114f6b96bbe8f8c6f2c18d5567c24f2",
    "vision_tower.blocks.25.norm1.bias": "d5fd01f2dffbba89cf73fbfa595b93eff6cad5b99af4d62c7165cc6f8e3db946",
    "vision_tower.blocks.26.norm2.weight": "151fdca6eadcfb343bf23ab9bfb43ea1ba62e9472dd2f1bcdb2af07455d7725f",
    "language_model.model.layers.5.linear_attn.in_proj_a.biases": "41a9168696fe1da27e27209ead48c7825835d20acf143813cae36515c04b10c5",
    "language_model.model.layers.14.linear_attn.out_proj.weight": "65dc00bc3c751556604ca6c7fc4e2469746e68f4f4cae1317697ec574dac4ab9",
    "language_model.model.layers.14.linear_attn.in_proj_qkv.weight": "7716af502f9fe6708643e9a66c49e6a61a1d40645ebf83e33e69aec401e5926c",
    "language_model.model.layers.2.linear_attn.conv1d.weight": "2689bf1d6309ac986c525bab0b2187d58b3e596d9336e3a4562ba2e768f43ba3",
    "vision_tower.blocks.0.mlp.linear_fc1.bias": "f1aefc5f1fca880abe9afa9bfc9626eb1efea327f39714298a8de9d528c6767a",
    "language_model.model.layers.5.linear_attn.in_proj_a.scales": "61a0a2fe9cdf35ec6e9f428ce3c6b8e46439848df5cdaf751c8f175d759c1524",
    "language_model.model.layers.2.linear_attn.out_proj.scales": "3e2acc576b26e1bc44e33cba8e849cc7ba00cb83f0623081edae211a76845810",
    "vision_tower.blocks.15.norm1.weight": "3082a853b4abb24480cf0bb6d8ba4ba37aa03240d3a36483fe660af79a8a8893",
    "vision_tower.blocks.0.norm1.weight": "1f0a0ad46ca2261556d73fc186cdeae7fe3e0dc6784748d7d8732905d83107bf",
    "language_model.model.layers.2.linear_attn.out_proj.biases": "1eae127045616d9797c2d48b4474a8bc0cc104d313b09d12f9c9bc763698b02c",
    "language_model.model.layers.2.linear_attn.in_proj_z.scales": "f25a56deae888027d1c27d617d356594583098432ac96026e9c0385fbcfba185",
    "language_model.model.layers.4.linear_attn.in_proj_z.weight": "eaa272724210e0be4bb22c6feba56ee4ec8750bd745f139aac03b98ec601b82b",
    "language_model.model.layers.14.linear_attn.in_proj_qkv.biases": "37aa45cf3dd2959e4b56d8d495d78a6cc5d7e46c4a26a84ec01431b6747870aa",
    "language_model.model.layers.2.linear_attn.in_proj_qkv.weight": "3bf80c51d61430a0e4717d272683ca2aff15d413d6a111034bf2f15dd59e4ec1",
    "vision_tower.blocks.18.mlp.linear_fc1.bias": "e9a4df4cd548dce3d953da0c7eba9ee10452a87df2ca4896a433c7fdc173abef",
    "language_model.model.layers.2.linear_attn.in_proj_qkv.scales": "d9f415fe456cf67854fca71658ccc8bd4c8d5c6b216a60b2cd825869035041f8",
    "language_model.model.layers.14.linear_attn.in_proj_qkv.scales": "b4c20bc64766d8cc5ac2e051a755d979e8469e606f443fa875e400edd96e20d0",
    "language_model.model.layers.6.post_attention_layernorm.weight": "3cb5acb7ca884b17b7920c6d0e5134c9060c159381a56ed6adee2d5df117fb3c",
    "vision_tower.blocks.23.attn.proj.weight": "b6ebd9d930816163840bbbd3cd9c87926120011f10bd277bb465137051f220a6",
    "language_model.model.layers.7.self_attn.q_norm.weight": "dc24a0ac12eb69d9485ccd1bf39fc5a37d62675389f74cb4b985a2c3fe82e819",
    "language_model.model.layers.17.linear_attn.in_proj_qkv.weight": "033aecf42f18c60ae37abe28b332704043551c4f5a064ab4909335c67904de88",
    "language_model.model.layers.2.linear_attn.in_proj_b.scales": "88bde023b8710240807945776b16c4929a7438222e2479ce5ad84f0f21569ecc",
    "language_model.model.layers.10.linear_attn.in_proj_b.biases": "a72b93b1a8ae107b645be8fbd6bc0208f89e78e70a9f6389264f61defed04c38",
    "vision_tower.blocks.26.attn.qkv.bias": "55694f74af568d19545827ced2a937231d2693689a54bfe044644272c059fb0d",
    "language_model.model.layers.12.linear_attn.in_proj_qkv.biases": "4c1cf542728867a12d417c732f6737bad89a798cd84fabcb3b33f6666a715d78",
    "vision_tower.blocks.12.attn.proj.weight": "e55d0b4925c9feacb1f52c8fb9b6149136044f2320339c473b501d78f94d2028",
    "language_model.model.layers.5.linear_attn.A_log": "edd05b046bf91749240aac1bf6cd458af0a893c06719f364990543d8e37f7ae4",
    "language_model.model.layers.17.linear_attn.in_proj_z.weight": "3fa0c06c9336de5d5cdbe95b40f96657fdd421acdecc541ec6a9fbb583e8c644",
    "vision_tower.blocks.4.attn.proj.weight": "47f93251929cc20ad4c95dee1a7fea9e804dfd747186310f3cb31628b3b9dd6c",
    "vision_tower.blocks.26.norm1.bias": "3679f8afa37340da2e98c8db952a1148f00ae35181908d4255e26b2b205a0f57",
    "language_model.model.layers.2.input_layernorm.weight": "c752e4cdc73098babd5cac14099e94699ba779a676cb7d7320171a825eef260c",
    "language_model.model.layers.17.post_attention_layernorm.weight": "4956ce8515747b50e7adfa83d1e635cfd6cde05a43afca9fe106401139e3d4b4",
    "vision_tower.blocks.4.attn.qkv.bias": "c99539b96cb8ce3558bbd62da6ba11980dce4645c2e26a216642bf01feb4f118",
    "language_model.model.layers.17.linear_attn.out_proj.weight": "eebb94fc97d0dea9e1e4a44348a5a74a805fa9da2026ede99504c812d6bdb416",
    "language_model.model.layers.0.post_attention_layernorm.weight": "46505fb05e12c0eb122220e80750a9c1729fed2615bd7e688ce0084396c7bf83",
    "language_model.model.layers.17.linear_attn.out_proj.scales": "e89197d81adc0f649870b4f51a459decf4c5af76d750ec545aa2e236108df450",
    "language_model.model.layers.17.linear_attn.in_proj_z.scales": "3f6f7de2f24af3663bff05d49d9486b5c1001c94821db7f4b1fc7516e33c9961",
    "vision_tower.blocks.6.attn.proj.weight": "884ef6e2e228e6115fa9b5bc9b39b07f247875664dbb159e015c6067d2e73dc5",
    "language_model.model.embed_tokens.biases": "3723a6a9381252733c6d417776b30ed07b10783e14cf4bccbc493584b7a3cedc",
    "language_model.model.layers.13.linear_attn.conv1d.weight": "ff66275251d1f0463df61bad132dade10fc530679a5a94bcdc5091a7d3de9f26",
    "language_model.model.layers.13.linear_attn.in_proj_z.weight": "dea1d383f3101cca67909afd52c9a271b934052d09f99382de44cdbfc98db034",
    "vision_tower.blocks.23.mlp.linear_fc2.weight": "dbec14005ea25b78ae30a5342645b67086c62ceeb606954e8c53186914ab6336",
    "language_model.model.layers.17.linear_attn.in_proj_qkv.scales": "c15c2e2bccfb9c547a125a4337cae531de4d8f904fd80aa3c4e043880d35e4f3",
    "language_model.model.layers.0.linear_attn.A_log": "429d53cd15ec0ea1a2d638100c3bbdf8d53505e69110fb17ee09d055c1fdbd34",
    "language_model.model.layers.9.linear_attn.in_proj_z.biases": "4c35fdd923d3660727b0c2ca88218efec22a850a966e655718ddd746ba4d3560",
    "vision_tower.blocks.22.norm2.weight": "14bdf32ee1720a787d3f31ede0b5a963d0f2992a6ded9e8c320353d0fc3054d5",
    "language_model.model.layers.17.linear_attn.in_proj_b.weight": "283d6104053c6842685cd2a26b5d7c16e87eab1a91ed6a567590b4ab9bffb6bf",
    "vision_tower.blocks.4.attn.qkv.weight": "3c87b6b3a29da5813461930f531da6cc00ea91bd4bbf72ba434989d318424f39",
    "language_model.model.layers.17.linear_attn.in_proj_b.biases": "8f4fc596b794c510e342d085b9a01a9204ab58c6981b99ff7c0161ba00c36462",
    "language_model.model.layers.7.self_attn.v_proj.scales": "b81bad95b18d1688a0089c94be30309885d0bf3a3b3d77f9483dc0689898801d",
    "language_model.model.layers.17.linear_attn.in_proj_a.weight": "f3dd094b2460ed232c1668ad96668cedd14e47b15d0b3ea96fdf9877e2c49b49",
    "language_model.model.layers.7.self_attn.v_proj.biases": "fd48d989c452b8ef644e3e152a7e0ea6eaadf42cf03508863e002d6cd5dc44e2",
    "language_model.model.layers.3.self_attn.v_proj.weight": "4e7ac9d0ff122293f11fd0be9908cf93d793b8579fe348615aaaa2c9f6a36871",
    "language_model.model.layers.17.linear_attn.in_proj_a.scales": "186e55352601c7d07618c51262191784ab137d3e139c4d6fdbe178ca8282129b",
    "vision_tower.blocks.4.norm2.bias": "b9b868969e9d85e8f015c6fda83dd8968c7405f081a4336ed2ed91bc6f9bdaa7",
    "language_model.model.layers.2.linear_attn.in_proj_z.weight": "1e005d4f8d34353730b67ca6605a262e2c067591fdeb22b3c2692e7962203198",
    "language_model.model.layers.17.linear_attn.dt_bias": "12234f2932fcbb34c803b902b2f26a599e57e895b7587a2029578625b5f7b8bd",
    "vision_tower.blocks.11.mlp.linear_fc2.bias": "62ac5a83587504816563a4d9605306eabd80908a4b2d736ce3ab43b3d7cfe84b",
    "language_model.model.layers.17.input_layernorm.weight": "4b8655efa41b2d17dddc8175395c2f49ce25abf98a1e28cc3ec002b1ba1780c2",
    "language_model.model.layers.6.linear_attn.in_proj_z.weight": "bf0d7fa22b6272c8279f547cb29471cf94ec926962455d65c794c18c15e6388f",
    "language_model.model.layers.16.input_layernorm.weight": "a6015a49c339e7d5bf7f137d73983b1162f4497389be7ff271be22af2c47a19f",
    "language_model.model.layers.3.self_attn.v_proj.scales": "6a30cc46f5b889a91cbe687bddf53ff0a4a09b5cef4b978d5d7f891ef7d8ea22",
    "vision_tower.blocks.2.norm1.weight": "6bed8f9b63c56051125c045c9b4b20ce52b3b0ceca47a1c5ababe075fa268407",
    "language_model.model.layers.9.linear_attn.in_proj_z.scales": "974c386097ac5f7e6490783d77255556ff266b9cd417ca55eb7428f20da2a7c5",
    "language_model.model.layers.12.linear_attn.in_proj_z.scales": "58d3aa5f24d92951fa2eae94ea7f1eece888a6144433b6c0d684bfa755c2c8ab",
    "language_model.model.layers.12.linear_attn.in_proj_b.scales": "824ad858a402a720fc61650ad39cce4319eeffb01572911dbcd73ed8d9344d23",
    "language_model.model.layers.16.linear_attn.out_proj.scales": "03d9ce91064b4aa9fa73743f739af4d73dc4a290dfb53d25b6210ed8bd823784",
    "language_model.model.layers.16.linear_attn.out_proj.biases": "8ab07e43c0d36e39964ebe4c1090a01637f146be6da169ab4170758dc61429af",
    "language_model.model.layers.16.linear_attn.in_proj_qkv.biases": "9dd73fd1c4f619b0b258a4f016337f2a7fa6e3472e282f1962366c672215ae6b",
    "vision_tower.blocks.23.attn.qkv.bias": "1b4c5aa0a0a6824a84d93a2c00c5663d118476f15a87f4b1942b516f11f4329d",
    "vision_tower.blocks.11.mlp.linear_fc2.weight": "38fbe61432c371c7ab58e620e6687f6dbb5d1fe0d91881b35601f5be941b54a0",
    "language_model.model.layers.16.linear_attn.in_proj_z.weight": "a241af0598480793ab9b3a64a3a9e654c591ecf3693412efffe5b987d7790521",
    "language_model.model.layers.6.linear_attn.in_proj_z.scales": "4a8433114fd6d71d31ce1673134ae73709b343944eb7df4c9e3e203667880968",
    "language_model.model.layers.1.linear_attn.dt_bias": "73cd8b7f18cd993644fad6090436fb4aead381da196e86a9ca1488d450970120",
    "language_model.model.layers.6.linear_attn.out_proj.biases": "22a06d1a55840b0ef5173332be5cf4acdca61063ff481c97cce28f3a77f2c169",
    "language_model.model.layers.0.linear_attn.in_proj_b.scales": "5851e62cb2e5049f44d6005adaab770ff207791751a0784cc9fe60018aebced5",
    "language_model.model.layers.16.linear_attn.in_proj_qkv.weight": "97e16dbb1e4481135854fe59ae434df36d0fc5f217dbbcfedd51331efb208422",
    "language_model.model.layers.12.input_layernorm.weight": "f4bebc509ecfb014d4b7248721ad3b6426d8ddeb7138dbd30f17af53f2b675ee",
    "language_model.model.layers.16.linear_attn.in_proj_b.weight": "b2708c394ebbdcbc21584aa60b99561744cebe1473d08ceeef5481f95e761a5e",
    "language_model.model.layers.16.linear_attn.in_proj_a.scales": "204c453e133a61374d31d77321c4ff6e99c047e32be050841d0939ef4936ca02",
    "vision_tower.blocks.16.mlp.linear_fc2.bias": "9b83c9aa62b765f06728f91a08e7c72435ebcc12f9ffca7a4b663a18625fab3a",
    "language_model.model.layers.1.linear_attn.in_proj_z.biases": "9ea98f24cd71901fa93a94e436e796fd9f166e1baeb3645e6f0682372f74a451",
    "language_model.model.layers.4.linear_attn.in_proj_qkv.weight": "ca9c2e5660339977aa41c6664fe139eeace9a75178162f41b315c9251f45af94",
    "language_model.model.layers.15.self_attn.v_proj.weight": "5270e418cb5768a8211215865d2599060d9abe8cdb14e3f27015ed3c65dbf658",
    "vision_tower.blocks.2.mlp.linear_fc1.weight": "1b9f444c7f73fb04a2c063523fc87bf6b480b223196d5e99e1bc0450340c0689",
    "language_model.model.layers.15.self_attn.q_proj.biases": "1dd06c17dd49bb2ed1bef5bea6d8499b12c303969b899da48727370bc6174028",
    "vision_tower.blocks.26.mlp.linear_fc1.weight": "191f041c4a1c1491eca8c3af5ed480e4c66f5a805b8c1b7809ecd0499167c228",
    "vision_tower.blocks.17.attn.proj.weight": "1b8953d2c70ae85ac7f944803bf5b1550d00ffa9f5e3c095b806d2746bc0bc41",
    "language_model.model.layers.15.self_attn.q_norm.weight": "daa439c6aaac322f8b733c7133d0027bae316e6957b98a1115e2380ee36f7d1b",
    "language_model.model.layers.5.linear_attn.in_proj_qkv.scales": "31708f55894ccdc1a1bde87481073c71940fc4ebab06f7098d66efea30e8087b",
    "language_model.model.layers.6.linear_attn.in_proj_a.scales": "191ac1bab3bf606a9294a4f375edc4d8d2c83ec4e5ceb71954a9bea5a192683c",
    "language_model.model.layers.15.self_attn.o_proj.weight": "25433166d97f108bfe24cdc0354df6097cd72e38ad9575fa7414a115772cae00",
    "language_model.model.layers.11.post_attention_layernorm.weight": "f63ffec16e9988630fed7a8a32f172e23039db43b7cfa7b8b7e71d281d131065",
    "language_model.model.layers.15.self_attn.k_proj.weight": "d337307808b71f8156219d28689ec1cd77e615a2c7749d228a6a194ed329c6d7",
    "vision_tower.blocks.26.mlp.linear_fc2.bias": "913a07bfb89e60af4fc1bb519f606a251b3afdb72efdf0d213b63d62f25f71eb",
    "language_model.model.layers.17.linear_attn.norm.weight": "13269c24f4905ac6cc41f2e25a700f951fd8182fcb0d0f1f8fe9d945cf48aedd",
    "vision_tower.blocks.13.norm2.bias": "31d5e89baf7a2b37922c7f6c17a7b9a223bcc0dc80af00805cbf1653b92c3779",
    "language_model.model.layers.16.linear_attn.in_proj_a.biases": "1d337b23390dc45141a185a18e9b63ba551805ebeb001dffcbd9aef43d6a51ac",
    "language_model.model.layers.15.self_attn.k_proj.scales": "c2aa0f916e70aea3e3f7a80e50e9ec6b12348f2c89e91150b953b70e92dd0ed7",
    "language_model.model.layers.15.post_attention_layernorm.weight": "672a182328d34f9983d1f6d176fe380cf6089fe5095794f497c317210c7bfa2d",
    "language_model.model.layers.5.linear_attn.in_proj_b.scales": "0587b0f30041254a71f264181b41cc86d9cd331bce240fad4658db3568c96b18",
    "vision_tower.blocks.13.mlp.linear_fc1.weight": "41923b4347c49caf74dd32ef90b8706bf453e866f3d81535df718891ed6fec56",
    "vision_tower.blocks.10.mlp.linear_fc2.bias": "a608429e86f06b9903e675f935fec4b5ec7e43bb2741f0f6fec8a3672e8c4d86",
    "language_model.model.layers.12.linear_attn.in_proj_b.weight": "0e1ef1063c146fea8637423f9d55cc4ed4d19a220e094deb1c29a76acc98e2d0",
    "language_model.model.layers.2.linear_attn.in_proj_z.biases": "552b37c42fa62a4072df06fce90cc9c5dd7c12343395977dbadc579c2d21546f",
    "language_model.model.layers.15.self_attn.q_proj.weight": "6557a58a806e390d30dbf8fb2159702eaa4d202cf060b182a7a5f9936ca6e5cd",
    "language_model.model.layers.6.linear_attn.in_proj_qkv.biases": "b153ed6b5659f7e396b90b4694aa7daafa158a0615693bc38f8b01aeb0a382cb",
    "language_model.model.layers.15.input_layernorm.weight": "00823a57123062283e00dd2836e8a8002977374bc1befe4830db8b7d74cabbdf",
    "language_model.model.layers.14.linear_attn.out_proj.scales": "37132d2b785bba0359366d2c0b8f372ff01a248dd6cd94033cbde957c828f0e7",
    "language_model.model.layers.15.self_attn.k_norm.weight": "654b4243f3481b5828cd546aed48beeb24723bd95b82276145d98077180ee800",
    "vision_tower.blocks.10.norm2.weight": "c9c1b79870642b19ac2bd4bf849b6f6778a3e07d33ba383764c97181e2159b04",
    "language_model.model.layers.14.post_attention_layernorm.weight": "69ec54e2160f16e4a415514fcc1e4bd54340193dc52afc459ed6eaa1aebe537d",
    "vision_tower.blocks.13.attn.proj.bias": "c38e43acbe5732255f7368baacc34d36dd249acc6c5ac693301d6f4dda297780",
    "vision_tower.blocks.0.mlp.linear_fc2.bias": "4121a66e33c99983e5590f3a1603507d20ad5fe60edf308bbaf57bceda292de6",
    "language_model.model.layers.10.linear_attn.in_proj_z.biases": "43185e7bb84688821dbab49acd35133dcdbbd019c6abf952618925efc58bfc2d",
    "vision_tower.blocks.6.norm2.weight": "1db5316b85ead090b18413a0cb2170665d4a29004c736526ca04f1a2df69faf0",
    "language_model.model.layers.3.self_attn.q_proj.weight": "1923f71448f20be79e918a581550a0ca6d5a062480046d860810c1a0b117d1f2",
    "vision_tower.blocks.24.attn.proj.weight": "87aa38776fe547bbecd4a0efe7111438bac3bcea4eccc0e31b9e495adf6eaa33",
    "vision_tower.blocks.21.mlp.linear_fc1.bias": "79854eeb8a41a9db1a890a2ece07eb56e29e0b3e5c98874910cb4e350d5d161a",
    "vision_tower.blocks.18.mlp.linear_fc1.weight": "809a9879d41232fbed52a302c095e99680a84680c4d72fb68c6795b7608a7d55",
    "vision_tower.blocks.1.attn.qkv.weight": "2badba2e7d6c21218cf12d5926485bf09b3b0c36c94352349da0022ceabe1774",
    "language_model.model.layers.11.self_attn.q_proj.scales": "0a535cc8fea95882f871abc29cd5fca8c5884c3452b59eb649cd1efc922d21e7",
    "language_model.model.layers.1.linear_attn.in_proj_z.scales": "e198c29d59fddb6b65515cf6fc586fefbdc1ad31e7251cc31eadb4d17e64f851",
    "vision_tower.blocks.18.attn.qkv.bias": "3eccba406dfe9416f6ac87c5c0b450097757b712dcf874ba72d6c677502b89b2",
    "language_model.model.layers.2.linear_attn.A_log": "5cde4453af16aa018ecedab67d9df86bbd6be5b0a4c43de1adbf8df2924bacf2",
    "vision_tower.blocks.18.norm1.bias": "55850e5e2bb8e12e047e5272f39ce7a0ee05dfd9773bb50a7dc7b0b34bdb5f1e",
    "vision_tower.blocks.23.attn.qkv.weight": "350cda9d5fbe00f6c282352ec668fd5a871a9dcebf745faf7f753f1f766e78d0",
    "language_model.model.layers.13.linear_attn.in_proj_a.biases": "1c502f5739e1859af4cd6de76feebd89dda5787cb7a5db879d6ddd53ef70fbf3",
    "language_model.model.layers.14.linear_attn.A_log": "20d72c66b71937ca7da1d833a688f79066664c051cb46d43fffd87951ddca7ee",
    "language_model.model.layers.13.linear_attn.out_proj.weight": "98ddc7230e9efb23778cd08e9f5c05ee0b4699fdcfa290909b2c954f4d02ec1c",
    "vision_tower.blocks.17.norm2.weight": "23e1b96998c822f504bde8fd67229dcead94bef6e9c9823974b5d7b4deb26366",
    "language_model.model.layers.14.linear_attn.dt_bias": "9cea745e24873170d01a34de16b03f57225e74f63aeb8d9c98a90c9ce057617a",
    "language_model.model.layers.12.post_attention_layernorm.weight": "dfc21d11f964be493bd35330ef0ee67d3f013a7f691770f7e431cba9e58aa7e7",
    "language_model.model.layers.0.linear_attn.in_proj_qkv.biases": "17ab880c7fceb11f35ed8cb1ecb7a8bcf2b76e512ba55ec0ac9acd52a97d858b",
    "language_model.model.layers.4.post_attention_layernorm.weight": "75255da52fc3a08be425f5e7672c184a6f47d8e355ed026a6c145e62c671c8d2",
    "language_model.model.layers.0.linear_attn.in_proj_a.scales": "0fac0207d79f823b86a9b0bc54abb9ff3d637c25864801dabfd76dec2d37e99b",
    "language_model.model.layers.4.linear_attn.dt_bias": "a6e5a8003039d222502249bc31db4faa2fde2acbd4fc39554902251ab66d5a12",
    "language_model.model.layers.6.linear_attn.in_proj_b.weight": "5347beed713d4a3469b16cdb0d7c8889c00f1cb7682bc19fa15d5ec114b70f23",
    "language_model.model.layers.1.linear_attn.in_proj_b.weight": "97ac9973cdeed1adff971f61e55316869ad76c1e0a92fb316d336345d05720b0",
    "vision_tower.blocks.2.mlp.linear_fc1.bias": "3a89a25c7ea420a99878a6392cdc483434d3a50b150a5f90cacc2e5c1eff8a30",
    "vision_tower.blocks.13.attn.qkv.weight": "5be40ccd5f2c8c9fb14c99b2345cafef7406747faa771f81f2fa31800e613081",
    "language_model.model.layers.1.linear_attn.in_proj_b.biases": "a73e4258e65c7ed2c0ead870b03638ad8f9c1a6f26c55bce0b359b21dbdaf428",
    "vision_tower.blocks.4.mlp.linear_fc1.weight": "916929c023c0cbad5e2008f3c13adc1d25d6d31e804b7a285ebe6457951357b1",
    "vision_tower.blocks.20.norm1.bias": "42007d7ee289d4a3f5e34fb318a35b393c6b6075b85705e078cb2f44dd194688",
    "language_model.model.layers.1.linear_attn.out_proj.weight": "41d072da6ff6a692198840e450817d1718d819515f9a60e03ef4ac140661a3df",
    "language_model.model.layers.13.input_layernorm.weight": "32acc433b63109437c51f5fdf43c236f2d65e0984b4e1779293244068a30a13a",
    "language_model.model.layers.17.linear_attn.A_log": "0e25e120488a4a66d8708d9aa825b625279013054b9d21ebeda25e746e85df87",
    "vision_tower.blocks.13.mlp.linear_fc1.bias": "e4280714640553dce3a75330e2070c8cc2d215ab24949c086f8ada4c2da34982",
    "language_model.model.layers.13.linear_attn.in_proj_z.biases": "fb3566fda235d767c02f9faec44cdc5a22b1322c5ad2e58f92b6893e341874b7",
    "language_model.model.layers.13.linear_attn.in_proj_qkv.weight": "cdbc4361f8d852ab9d95aea3832fe7b4594fc84787db63299b6e97ad58900459",
    "vision_tower.blocks.7.norm2.weight": "9ebf4e35ce9d7450299bdd841d8c2b77467ec6ef1b8049fb7fc513486dd74cdf",
    "language_model.model.layers.2.linear_attn.in_proj_qkv.biases": "92e6c3dc3d4f353dd0b4acd91bde144a45c8ca477d4583e538395d98bbe0242e",
    "vision_tower.blocks.10.attn.qkv.bias": "d86bc0ca2c978444ff3c8a5646a5b0a344c9c431dc4c587cb6e45b1c3bdc4400",
    "vision_tower.blocks.8.norm2.weight": "714f636c718211487ceb7a0a8f79443fb3de327868699cdb256f620ed96c11a9",
    "language_model.model.layers.14.linear_attn.in_proj_z.scales": "f56ac8328213000d45678c1864e4cc0780351886db2ec90d9b7d6f638b61adcf",
    "language_model.model.layers.17.linear_attn.conv1d.weight": "8f0fd4221d185690fbd5e4e98e078f0c392d6412685d384b0a2e188311dbaacb",
    "vision_tower.blocks.16.norm2.weight": "9b6e32a1928b67da6942c19992d271d0a9ba418ffe9e30a8b4a3f120cc339fe6",
    "language_model.model.layers.4.linear_attn.in_proj_a.weight": "ece84203691adb61261c59222fb5036db3b315d335ca095a6725e0f09e3b1e69",
    "language_model.model.layers.13.linear_attn.in_proj_a.weight": "9bc5ac89493d33b98eb145edeb3c09d1c5fdcb04df21acf0df3334e2d4618c20",
    "language_model.model.embed_tokens.scales": "4e4ce6a25012745181a86fa7f024e12a395d25fa3e6ca88dd36f9fc9eed4e90d",
    "language_model.model.layers.12.linear_attn.in_proj_qkv.weight": "2990f3f550e1969285b8761db052cf111cf95d6bc1e127834adc6f94150d7d4f",
    "vision_tower.blocks.5.mlp.linear_fc1.weight": "72735ac803b4b126e43882404d17d38140093683990a3098ae3b80d7b8be9d46",
    "language_model.model.layers.13.linear_attn.out_proj.biases": "ddac9476cc195b2d3ed6dfc581d8ddd44af7c0162c5573e2571dc9bfc61cabf9",
    "language_model.model.layers.3.post_attention_layernorm.weight": "ba7c2de0619e11be15d861aca53f01385b3a67b091b3f266d3c0910c7858c5c4",
    "vision_tower.blocks.25.norm2.bias": "76747ad00a5b7142e09cb1ad35fd7ea45c073eb8f46c701f9c0aee3196f84053",
    "language_model.model.layers.13.linear_attn.dt_bias": "bebeeb01e377c1659427c4e809858c1a02541f69768c18e42ef1842b9d9cf294",
    "language_model.model.layers.13.post_attention_layernorm.weight": "8fef4fafa614e8dc96f693b76ceca0d4caf2e4efe0fbe1a094c413139cdbee44",
    "language_model.model.layers.13.linear_attn.A_log": "dccede9709b3690715909a51ac5b09975905d86ce76bcd9be10043604c67367c",
    "language_model.model.layers.5.linear_attn.in_proj_b.weight": "a9f2d0cfeb10d159c7c292cbb4a27c3ad29877c09c073f7bbbfe04b233ff5405",
    "vision_tower.blocks.23.mlp.linear_fc2.bias": "4eccff226b735f35764f74f7d6fe4d105520103899032932848ee2c5e65cda21",
    "language_model.model.layers.16.post_attention_layernorm.weight": "d063eeb5f84f15d41408d19e6866b7d23cda2c0d3366a4026ec16001b89a4026",
    "language_model.model.layers.14.linear_attn.norm.weight": "0360bed01c6811e5f9aa3d5e0601cb4bbdba66bc4d5b90932b5237c13ad603f7",
    "language_model.model.layers.13.linear_attn.in_proj_z.scales": "08b0e4c287ecae2327b3e3c765fef1a57365e27240779bd7591571a5b61f0082",
    "language_model.model.layers.0.linear_attn.out_proj.weight": "f9bcd1253d359b405436c8c80d0f3a47c7ca9aa3fa0a697770dd5c9457943737",
    "language_model.model.layers.12.linear_attn.out_proj.biases": "e3fd7ddf4277a85bdfd1db5447c34df0764c84e1b9f1206b11cc70f36715cf51",
    "language_model.model.layers.12.linear_attn.norm.weight": "0cfdc81ca2696d138c26a27a76bead63234c37203367ad216bace46e1077c812",
    "language_model.model.layers.11.self_attn.o_proj.biases": "e0fc478bc76962c04ada894320c18bcea14dd123c2f28eb01bcbc912fdff272b",
    "vision_tower.blocks.13.attn.qkv.bias": "c778719354fbb68237f1980fc14b27838431f4df56747a66937ec8d13031d796",
    "language_model.model.layers.0.linear_attn.in_proj_qkv.weight": "1fded8b6e3936cdc1a89275662e1b73f88be674a8dfaff2731c7001e807a8427",
    "language_model.model.layers.8.linear_attn.out_proj.scales": "ab0404278482b9a22c23d1ba923b8142ea8e231eca094d9a857a124564b0e11d",
    "language_model.model.layers.0.linear_attn.conv1d.weight": "803a2591c4f5e7b1c2a7bdbbad78bbd0b68acdd0deab9552933ee7c337489dad",
    "language_model.model.layers.12.linear_attn.in_proj_qkv.scales": "608ad53522fd6c015ee104af741aef54a157195609ab4daa2a5f9464a4b55e5c",
    "vision_tower.blocks.8.mlp.linear_fc1.bias": "178df9525e20c8ef91d92201b96657113623f3f4d87b337df8b312ea0f01ccdf",
    "language_model.model.layers.12.linear_attn.in_proj_z.biases": "3f61c3abe76da5e38cadbf0c4b3bf3f1a765ef4d9869105924c4b2df83e6b8e5",
    "language_model.model.layers.4.linear_attn.A_log": "3881969d2743e3386a940d751319a374b9017ad9739825315f8c2d9088dedd19",
    "vision_tower.blocks.15.attn.qkv.bias": "8e8c7a99b3fde7328e089030e6ace5c29d9309fd64b7245977b9c54a1d42d2da",
    "language_model.model.layers.3.input_layernorm.weight": "29b93fd5d748edcef3bb7f6447a111fc8a178bc301560e951be0c1f1531dc6d7",
    "language_model.model.layers.12.linear_attn.in_proj_a.weight": "18da47867201b8a29fe64c6ce06de78e0765c1caa069cc57742ab3ed2cfd4f39",
    "language_model.model.layers.7.self_attn.k_proj.scales": "1f15006b100700bf3e195251f306680402d56c301a0256548e411519bfacc1b4",
    "language_model.model.layers.12.linear_attn.in_proj_a.scales": "fd0153a95785668090990234d314586258c0ffbfe64a933d31bc09402eaa04a8",
    "language_model.model.layers.12.linear_attn.in_proj_a.biases": "40e1c133c519ec68e6a886a5fdd16d9798921a0f531b4f9b396f592ace312523",
    "vision_tower.blocks.24.attn.qkv.bias": "26c878ef2a91dfce51b83849e7d28a80c786153c550fc9552ec3b12b06bff791",
    "language_model.model.layers.12.linear_attn.dt_bias": "3256a7215442d56a8cb493d131418368f7f136536a658bcc03bef4ba8c1c36af",
    "vision_tower.blocks.15.mlp.linear_fc1.bias": "bbfa00fc9c8075049a6daeba2070eada7503a6c2b6ea43adc24baeed693ad757",
    "language_model.model.layers.0.linear_attn.in_proj_b.weight": "f7cf294a9dae5c8d25ee47b39fadaabee566b603da6a2ae435ebb2b23cbc94ae",
    "language_model.model.layers.15.self_attn.v_proj.biases": "574e9a7c565dcc8fe68224ab76a1e5039b4565863cbae7843dd47ab67e996886",
    "language_model.model.layers.9.linear_attn.in_proj_a.biases": "b291d8a732cac37f85d532cbe59e96f691d897dfa9ab9056f67f1104250379d3",
    "language_model.model.layers.6.linear_attn.in_proj_b.scales": "ac2445da631126f62d6c090b0e6cff0d5515b04515293fad096bc4fa03801fee",
    "language_model.model.layers.11.self_attn.q_proj.weight": "501d6ec00e6892d4f565b17d9f48baa14a41540e491475086a034afa5a3a273d",
    "language_model.model.layers.17.linear_attn.in_proj_b.scales": "2101d12f8ba57e07beb02c7b521cb0197cce4911f063d1a61572f743a8137279",
    "language_model.model.layers.11.self_attn.q_norm.weight": "6d29338d70f1aa034a10c15e00271ada5b49a359d175fe35101436e346639280",
    "language_model.model.layers.16.linear_attn.in_proj_z.scales": "cc34f4ece51317f715c32615f9e5ff47cf2d15b8487b9eb9d20124ad908aeee2",
    "language_model.model.layers.11.self_attn.o_proj.weight": "705be75f52ff17c31793d77eb466ab7d1f2ffbd592415050bba9ca4ef0992173",
    "language_model.model.layers.4.linear_attn.in_proj_a.scales": "5abcb5513d0e7bea0ac6fa6f74e72b198b4658aba1c2a486d6a35b561f5d1e56",
    "language_model.model.layers.1.linear_attn.out_proj.biases": "65d2f527437bf01642dfb643f0905d5fa4ce611e313237be8e8a93d281a69142",
    "vision_tower.blocks.0.norm2.bias": "1835041075a796707c78625315b7b377ad3443853c69173a4b16632161ad06ae",
    "language_model.model.layers.0.linear_attn.in_proj_qkv.scales": "cb8c6a1d163efcfe2c7d00ed5753dabd4ae919ccf07e43654fb5a1468830793d",
    "language_model.model.layers.11.self_attn.o_proj.scales": "5bb37141c3e4bcd3ad87ac5235c431188440a0e19b3c09a0701595c9e01514b5",
    "language_model.model.layers.13.linear_attn.in_proj_qkv.biases": "33d334f17232fcb52fc90c038adb52a66dc0eb7d4f162c1c46e1aedbadd043a8",
    "language_model.model.layers.10.linear_attn.in_proj_qkv.biases": "d8c7f508ea65eeeec0d5991e4bf7f31934dea2b0db2e62a67746e9af2d9b8d04",
    "language_model.model.layers.4.linear_attn.in_proj_z.biases": "1c14a963be4c9ba7e4825a66cc53abcedc41758c21caca047aba9f2d08d0a573",
    "language_model.model.layers.8.linear_attn.in_proj_a.biases": "06660b6832580517325500d71ab1f3102387a5816a83b27c7bdbb2ca48bc0965",
    "language_model.model.layers.14.linear_attn.in_proj_b.scales": "6139a9b8d03fd0661a98718a69a188b9b72259034c6879ca8ebafb4692da0509",
    "vision_tower.blocks.24.mlp.linear_fc2.weight": "3bc7447fd898bf79849d4bae9f98bf427d236de52afc91b203bec45145c52289",
    "vision_tower.blocks.26.attn.qkv.weight": "8ed3c85ac9057ae8451af51d807c21d593b356f4034a7e3e20f35aadc5a4548d",
    "language_model.model.layers.11.self_attn.v_proj.biases": "4103000f0143c05bf6763a2634a84b445679086e88743897fb32fd9105d76ffc",
    "language_model.model.layers.10.linear_attn.dt_bias": "dfd146ad253d37916919e8a01d2fca6360cb5d29cb677538ec43e8e723fa85ba",
    "vision_tower.blocks.5.mlp.linear_fc2.bias": "411e9f14ee4b6035b964ce0e733744087726e5ffdd2eb96ecf595242fb0c2ab7",
    "vision_tower.blocks.20.mlp.linear_fc2.weight": "b13c236a5798f8c56236dbfea2277068296d5ae9f918acc8ce6cb2973e22d654",
    "vision_tower.blocks.11.mlp.linear_fc1.bias": "e2b1f241d55d7b0490eb0e4037fc1bdb9f4b76c754ffb6ba3b39278cd64d4f48",
    "language_model.model.layers.10.post_attention_layernorm.weight": "f22ef1c8d97c5b8b0c4f1ec7d0211533631bb9d5d8479fbcf39249abfe605103",
    "language_model.model.layers.2.linear_attn.dt_bias": "2981ea3479b1bf7556eaf584f116d0a61a7735c073325d8437742aa4d0f6dc96",
    "language_model.model.layers.12.linear_attn.in_proj_z.weight": "4542e67460c65847c5346606b86287292d070e10c6ac8f0458490c0a55070071",
    "language_model.model.layers.10.linear_attn.out_proj.weight": "4262c06ba0b25b7cd174efcd32626cb048c21e548307b453d698b30139377f61",
    "language_model.model.layers.4.linear_attn.out_proj.biases": "f443efd984fa5de1acd694032eecce0be11bfdebca954648049df743e8378acd",
    "vision_tower.blocks.23.norm1.weight": "cd3608f40ad417afaaf6ffb2b4dd143da71f8a45701e7f68fde35acb113d39b5",
    "language_model.model.layers.3.self_attn.o_proj.scales": "c68950cd3587b8b4991e1e74ef2297d22a926163e0c27d7125a0770c69732eab",
    "vision_tower.blocks.22.mlp.linear_fc1.bias": "08dee8a90f660d952a28343992bf0b467da4d7eaf072de34a33930d438088779",
    "language_model.model.layers.10.linear_attn.in_proj_b.weight": "d648837ebe3250f9228e5bd69109bafdcbaa3f9776d7e705d2818e6083bcf835",
    "vision_tower.blocks.24.norm1.bias": "b442003ca52be8be189bc45696236c7a3bf8b1f006fefed0662a05801c8a85d3",
    "language_model.model.layers.13.linear_attn.in_proj_b.scales": "eebe85c1162b16d118ed67c37f4c90bc390c24416be7f66145a6f83d312317b6",
    "language_model.model.layers.1.linear_attn.in_proj_a.biases": "eeed65dac479a0851c7bd8a2c30d41cca88a6985a816106ad20c4c1ab5a0996b",
    "language_model.model.layers.17.linear_attn.in_proj_z.biases": "11ac1956a28df4ba65c8c7f9c2b9d71172a22d73934a3b0f480cb534737068d7",
    "vision_tower.blocks.12.norm2.weight": "38068e45e826030ec3c0532451f87178738d73ca1d3f6fe8b405e165cc9af64a",
    "language_model.model.layers.10.linear_attn.in_proj_qkv.scales": "f02a6bf7beaa984ef592e51ded4ac275020fceb61747aacde1261c0c82fc7587",
    "language_model.model.layers.0.linear_attn.in_proj_a.biases": "4ca0cfb0d9c60028684a853d907b37fe112c8972eb884c7dc2a353a52e72786c",
    "language_model.model.layers.10.linear_attn.norm.weight": "c6fe09399114cacae5e1234d535f801f72cc76ee4e77a711507dd695c72889fe",
    "language_model.model.layers.16.linear_attn.dt_bias": "1ff976c35b60500605f31044ca0b6042b2241f9ea0bfb38ea2035e2f1cad070d",
    "vision_tower.blocks.3.norm2.weight": "684b5e79315e8cb9b3a8d249b47828cfe501878c30902aef4b07b04e36a8a63f",
    "vision_tower.blocks.16.norm2.bias": "47c96eee141251bb514188313f5a8951afe2297301b9ec7cf40365827a679dc7",
    "language_model.model.layers.1.linear_attn.out_proj.scales": "a45115a0c605560fa90bd467ce50cf98c08aef596bb89b830b561242465f3198",
    "language_model.model.layers.0.linear_attn.norm.weight": "70d11f294923a94aac97bedd27e596dbf496746c6b9e3b2b7c38798a0d2522cc",
    "vision_tower.blocks.19.attn.qkv.bias": "a6ff95e0f11861f4670bdeb44ca12f59099162b8a6d3d2944f109f222d74aa3f",
    "language_model.model.layers.2.linear_attn.in_proj_a.scales": "01ebeaacbdb9b784297e61b4a9f9289ef1ae460a4e9ebda8fad8f0479d236379",
    "vision_tower.blocks.13.mlp.linear_fc2.weight": "4a25d13d99aabe2b3097faf3b7d6995395c15a232a00f5cf7e137b32320f56ba",
    "vision_tower.blocks.12.attn.qkv.weight": "b2600eb6f0d5db330878f253547737395b8587b69f0418b2ad894e6bb3e9c1c4",
    "language_model.model.layers.13.linear_attn.in_proj_b.biases": "d5bda83c162ad1d29c5d2db80c0c3c9ee03559c7c06949b904db8bc38bd421fd",
    "language_model.model.layers.10.linear_attn.in_proj_b.scales": "c748e08907423f0d93fbfcdf5183dc6016fba4989cf86c5bfe41308cf63929ab",
    "language_model.model.layers.16.linear_attn.out_proj.weight": "52494628d51632dca08a85dd268e5878bbc970cb734ebc67dd25f152045e86b5",
    "language_model.model.layers.5.linear_attn.dt_bias": "90ab5aa61398efa57e0e966f96aed3c4d0bdc3b951b6c656397b6d460fc41c95",
    "language_model.model.layers.1.linear_attn.in_proj_a.scales": "d2542ecf473930248df8eac8687f0afc2fce1945e61780b16862ee5b50957099",
    "language_model.model.layers.10.linear_attn.in_proj_qkv.weight": "335b182d005ab96507bde07d5fb5cf9e1f5ae00ad44c1911de12e36c3aed707c",
    "vision_tower.blocks.24.mlp.linear_fc2.bias": "39ece51a1b6c823cfb14c9b571480416d0bfb4268f3d9ea30940850fb4f2555b",
    "language_model.model.layers.13.linear_attn.norm.weight": "6c5af44b8e87880909b5c4a5bf7608f4b637afbbe7cecea93e6e2d94f46d611c",
    "vision_tower.blocks.1.norm1.bias": "db038c0b159d299f6f34a47e046065bca48492a5327ddc85ee4b29011fdef395",
    "vision_tower.blocks.5.norm1.bias": "ee7c97434a76758c1814805941d33feb64f2e54123d68ed6e9e7fba2e3bfe5ce",
    "language_model.model.layers.6.linear_attn.in_proj_qkv.weight": "128d3dff40b79495e3be7fb2f031aa8274886b16ef1e4c710546c956ebabdf80",
    "language_model.model.layers.11.self_attn.k_proj.biases": "6f72a72f66d6edf235a399b7cfe25d9e397b7848640dd0038745d83d0f455d96",
    "language_model.model.layers.9.linear_attn.in_proj_qkv.scales": "a6c1cc521c0bc22d74e1f18e3f38c72cc397e6eead6ca816811a3f0d2f98a7bc",
    "vision_tower.blocks.21.attn.proj.weight": "aaa318663f012876e969ad38411cd18dc4eddc8325f1e7de2e6b4c46b1330f72",
    "language_model.model.layers.8.linear_attn.in_proj_a.scales": "0375c038aaa0265bc2929271892551d59ff4b152be9451b3deacf9f2b67d43fc",
    "language_model.model.layers.0.linear_attn.out_proj.scales": "fa58a33853b2b4a20446445843ea115abc6da68803fa7e68eb30f115c01ba27d",
    "vision_tower.blocks.22.mlp.linear_fc1.weight": "43e36e1fa70c8c3c7d4b76ae9e8295525c9228f5ec027b3377a45f81b07441ab",
    "language_model.model.layers.10.linear_attn.conv1d.weight": "527d03b77f0522f9422c97dd1a9280d4b0107c314bde7c9657d102721d7fb4c0",
    "vision_tower.blocks.14.attn.proj.bias": "df83e6416992b6d1237bcacaebe031fc4d779188953a2db64e622e208cd4127c",
    "language_model.model.layers.10.linear_attn.A_log": "49ae50aa21a640f1207b433767014b71f5701e90c819411d660822714a90f90a",
    "language_model.model.layers.14.linear_attn.in_proj_a.scales": "4ba92822dbcd1fc4150afccdd53ea1bd269f9f31efc02b706a62fdf6059b2598",
    "vision_tower.blocks.22.norm2.bias": "488d5b94e7c17ad25c37cbc73ebb0b14041fdf78b3ef3acc7b55d901f3a83a90",
    "language_model.model.layers.4.linear_attn.in_proj_qkv.biases": "10301551a556424b5213e35c697e4f7effde38831fe3a2c5fd2e17aad620ea25",
    "language_model.model.layers.5.linear_attn.in_proj_z.weight": "39d484755a956bbeabb2f6a47ce6f0b99af8a6ef335c09125353d807de9d2d9c",
    "language_model.model.layers.1.linear_attn.norm.weight": "fd2ee76b9b9d37a5649582b580f65b1bca01705390a2d8d6b7140971a441bfb7",
    "language_model.model.layers.6.linear_attn.conv1d.weight": "70bb6a7212d96cae681679f7ea54984c6d60b86b92b8e00938ff743a789984d9",
    "vision_tower.merger.norm.weight": "ab3b626dbafa0bc9b4409b1c10eadd805c2feb3398100251468e566929dd2d1f",
    "language_model.model.layers.12.linear_attn.out_proj.scales": "f2dee12a0cb0755b17290ca993f346fee220f6219603991c3bc046fb56cb67a4",
    "vision_tower.blocks.7.attn.proj.weight": "7c75abdf13048d28f1d0a327fbcc3febd3c5111a2bcaeb31cbbf2aec5afb6a7e",
    "language_model.model.layers.11.self_attn.k_norm.weight": "f2ee8cd6d929c28561bba662a34af94f1e1577afa061b41f1b2cba5645d825a7",
    "language_model.model.layers.16.linear_attn.A_log": "9df54913621b9b410a2858fcfb5a368e166b46a86e903dbf844d4b6195fc83b8",
    "language_model.model.layers.1.linear_attn.A_log": "e7755200bda0386296de6ef3aff209c244942deb220a833966aae267ad13cf20",
    "language_model.model.layers.5.linear_attn.in_proj_qkv.weight": "7fa8522ee473f849b9a0f6a48f881e926b51a956c246c8d35e50a7e7e275c261",
    "language_model.model.layers.0.input_layernorm.weight": "647b28cdc1313387bc49ca87560581951478d31f3de735676c1f4ab2963bf8fa",
    "vision_tower.blocks.14.norm2.weight": "c81c43edfa3de69aa567672ff21dc1e913c4e8a14133fa108c35888492812641",
    "vision_tower.blocks.24.attn.qkv.weight": "9be1a0eff55a19ec02e9011c430154c8102880a80219fc40926c416a40a31fb1",
    "language_model.model.layers.10.linear_attn.in_proj_a.weight": "0e842aa40b296cd24eb03083f4e4a165073577b5b2ab09feaa0c82be511af7c3",
    "language_model.model.layers.17.linear_attn.out_proj.biases": "be6df2018b8581c3c8859b4c4be29d9f2f3cc0b2b4abd8e12ed8b1bccbe5fa25",
    "vision_tower.blocks.0.attn.qkv.bias": "d6b6ffbb276eb02b1574a657095985908714f239ec323ce60c96d8ad33e6d53b",
    "language_model.model.layers.0.linear_attn.in_proj_z.weight": "960ee90bcb32740cae6de8ff3d045d5346c4b4d9a52b0c37a2261b8b3e0e2778",
    "vision_tower.blocks.26.norm2.bias": "fc0ad41d885233c4854b4dd9eff42a6f6e120cd18b0e85e4658cad7467de8fa0",
    "vision_tower.blocks.1.norm2.bias": "6180178cf1e354c521ccfa49cdf8460e465d1745576a22e3b2d9596ba049f35e",
    "language_model.model.layers.2.linear_attn.out_proj.weight": "f24e0049d30512dcb79ba76fe1115cacb74030ed47461574e777d366cd983693",
    "language_model.model.layers.1.linear_attn.conv1d.weight": "26c76606ee24313c45d8dad462f8483f8f1e57fa263e4ab6c0537fb901e72281",
    "language_model.model.layers.7.self_attn.q_proj.weight": "92352cd926d5bd1b82e2de8838580f48eb93747a0023c5ff86f0be94bf106d23",
    "language_model.model.layers.1.linear_attn.in_proj_qkv.scales": "e4e94f788e0e8380694de3856b1c2d8c9e79376633d3136f4680df5a46068369",
    "language_model.model.layers.10.linear_attn.in_proj_a.scales": "6ba5235a014dcfde1635c5be8600df8140688460239f62607916bf040e44c6b2",
    "language_model.model.layers.9.input_layernorm.weight": "60c42709e12ae1ee83e5544f79cd560baedcf4730671b9408a84b49e6efd2bfc",
    "language_model.model.layers.1.input_layernorm.weight": "007e60a202a30260a09d9d6b3d105392c18da9e06f7a87e4b97a2faece10d15e",
    "vision_tower.merger.linear_fc2.bias": "e82875df0ad67a11eb5c60cd237c071dd6e6ad3692ae3b8ab8e22e579f1ed79d",
    "language_model.model.layers.10.linear_attn.in_proj_z.scales": "2fe4ed8785fb23dbb67a99e29720f97e531b831e84ff2a5475a3bbd1fabbd5d9",
    "vision_tower.blocks.5.attn.qkv.weight": "dcbd88e2bc412ea1561df7dcb2c561f3672420838afe7bcc816e18fd6bab0344",
    "vision_tower.blocks.21.attn.qkv.weight": "c1c518bc2f14cae0499bfb49824d96debe971cfb21316b57e3dad9ffa3ce3fc8",
    "vision_tower.blocks.1.mlp.linear_fc1.weight": "f2b10862f9285c870c5cba7b16cbe1f035419601d6b7195bb6aeb90551678aad",
    "language_model.model.layers.1.linear_attn.in_proj_b.scales": "164be2c09db3aa61ea8f3aaa6095dc553546f76787e43515a9bffaf1ce3e7222",
    "language_model.model.layers.15.self_attn.v_proj.scales": "62ce8f57653c371301acf1a3456fcf9983e754d90fd5c4b73b87404fdd14d774",
    "vision_tower.blocks.21.mlp.linear_fc2.bias": "5d6fa46d4ac333bcbfe5e617ab92384087079ad8f1833b4dc0a7f9a4d6fa2011",
    "language_model.model.layers.0.linear_attn.in_proj_z.biases": "4a222b2fcf25a96e38384696ad7eb8ec378f72b479a36b9233cc0bb11a65d3b2",
    "language_model.model.layers.14.linear_attn.in_proj_a.weight": "177469117fc8bc63da215775d4e36584f323a2d6c7b35c631c2efc51fb632586",
    "language_model.model.layers.3.self_attn.k_proj.biases": "251a6f12d60991e81c5e88c4e919aef66b2d17517ea2b1044394d9f067a3b7aa",
    "vision_tower.blocks.17.attn.proj.bias": "14b9e1dbfad81829999105aecf6f466db8e7b1b0c6232043559652f1ddd66926",
    "language_model.model.layers.12.linear_attn.conv1d.weight": "ddae5c81d88b0f6fe3602b6402e39394c44f2c46686c413bd28824b272791add",
    "language_model.model.layers.9.linear_attn.in_proj_qkv.weight": "c7867c642044c86f54211dff0259ad6a8f0ce82e5517039011a07b7555b37e13",
    "vision_tower.blocks.12.mlp.linear_fc2.weight": "945285e00530de7ddda649d2858fe526c329fc25cfc86fcc42079d158c1db6b7",
    "language_model.model.layers.14.linear_attn.out_proj.biases": "28c29c4ad16dae5040a8b8ebecc257a4287032cc642befcaf9817e1267781cbb",
    "language_model.model.embed_tokens.weight": "e6b706c43519092795ab007df4aed4bb2d15b7bb6594b5c3c6515b15e480c2a3",
    "language_model.model.layers.16.linear_attn.conv1d.weight": "4a67a3c13ed160bf323f5f5b2bfddbfc8242495f746b9ca091509ea9d0e9e9dc",
    "vision_tower.blocks.8.mlp.linear_fc1.weight": "1d0ca1350bebb8d39db157c604fc08b643cce815f56b2e3cd020f14518596f65",
    "language_model.model.layers.0.linear_attn.in_proj_a.weight": "23752dd0eb54eecbbe412d42bd56e2dbc177bbe98259ab12b450c716b6a7e827",
    "language_model.model.layers.42.linear_attn.out_proj.scales": "0de13fd824cce6ce97604bf2a8201ad999bec92c2abca39f9d5bdf4d809d4ffc",
    "language_model.model.layers.42.linear_attn.out_proj.biases": "b1610d5e8188d8c648d27d6ca07b9bd2c2a042e8e9a9adeb439065f0e9f54ea6",
    "language_model.model.layers.42.linear_attn.norm.weight": "135043e610faf024ed981fa21130b52704345c83506493da8bf6b20bbaab1515",
    "language_model.model.layers.42.linear_attn.in_proj_z.weight": "721a3df9f6feb09735e1bcc3075434e2c139f8baa68749b5225dcd2bfd8b6808",
    "language_model.model.layers.42.linear_attn.in_proj_qkv.scales": "a8c416f35f8258fee4b4f8d7a0e84e0845677ba89fc8d9133ccd95e0066abade",
    "language_model.model.layers.42.linear_attn.in_proj_qkv.biases": "073160c80e6573c7fd29e3f97130cdffc956a3d124ef67fed7caaca79deba8e2",
    "language_model.model.layers.42.linear_attn.in_proj_b.scales": "aaf909cf1a8ea43e6fc929083e18b8c1802816d517c0934568626e3e08bae9a4",
    "language_model.model.layers.42.linear_attn.in_proj_a.weight": "18efd858402dddada5226ae104b1f8c0e29102e5a0557ba5dc76ea731f57f85a",
    "language_model.model.layers.42.linear_attn.conv1d.weight": "c460296f474705e9e96d6252df1d6b57b0fd737f2065179abacc2e6b2ba7e31a",
    "language_model.model.layers.42.input_layernorm.weight": "20f7304a2e0a2436edc35fe494528678cc87ad93ed1387849f6e53b3f5a6e448",
    "language_model.model.layers.41.post_attention_layernorm.weight": "9fd632e6bc1c3715aab770cab2285be94ecb605285ceb98b8204ecf5aca4b141",
    "language_model.model.layers.42.linear_attn.in_proj_b.weight": "299e31666c062223d0ae0900670bc054e366dbd7853fea192bb1b6ad4039195c",
    "language_model.model.layers.41.linear_attn.out_proj.scales": "bef4ffae64c47b0e9f4c2276db5de105fdfa108097a1be365a6fd7a063976887",
    "language_model.model.layers.41.linear_attn.norm.weight": "a8ab8200c331bfeba262ea361a17e85d1a517bb846fb1da7bae4349e93c18256",
    "language_model.model.layers.41.linear_attn.in_proj_z.weight": "c5995f8f1d9d39c9dcefdde82cec02ff7deb5285c9c5f772e0e2bd0019fb77bf",
    "language_model.model.layers.41.linear_attn.in_proj_z.scales": "9ce48c96e6e6639db2f4538ea0b46fef31c6b233e4f00e4e26fedd9e3dcb4d4b",
    "language_model.model.layers.41.linear_attn.in_proj_qkv.scales": "ef4d26e4eb4c753899a1992a23488007d2a1e16b631bd23e4db5ccf9fa200513",
    "language_model.model.layers.41.linear_attn.in_proj_b.scales": "976e992931d5f2419fbb78c90375e0e7c7e7ba0be53e09e8ee80e305fb4f8c92",
    "language_model.model.layers.41.linear_attn.in_proj_a.scales": "7ab5e958b1901e2cdfa47ee8a34cd784b276dc046cbc5f8035a58dc9258a95e4",
    "language_model.model.layers.41.linear_attn.conv1d.weight": "6791b887a397808427743d0fac7f4f65d7cc3b35f6e33817cbdf62d67a3386f8",
    "language_model.model.layers.40.post_attention_layernorm.weight": "0ab7f96caef7676085c087e7b1ef2e3132d720e6d5263f80a0e84576359e36f8",
    "language_model.model.layers.40.linear_attn.out_proj.weight": "211212b13a97904b01e7b6d5651a89f5d23b35490bc8064603bf714d71d9629d",
    "language_model.model.layers.42.linear_attn.out_proj.weight": "16dc9c83da82a34eacf811c40a303fb66f1986fbe7a0e8942e379d1e6630d391",
    "language_model.model.layers.40.linear_attn.in_proj_z.biases": "016b133dd6bf93335274d2a2b14b4abeefae565e21ca53214c9ec45b07995d8b",
    "language_model.model.layers.40.linear_attn.in_proj_b.weight": "4ce64e7664e0a15f5def87a27daaa1ea20cc106b0bcfb7bdc23f8602544112e4",
    "language_model.model.layers.40.linear_attn.in_proj_a.weight": "f8e6913f6e5a5ec147779e8b6505f9e465281897b213fdecf756b625fbd97c9f",
    "language_model.model.layers.40.linear_attn.in_proj_a.scales": "530022cdf8da3a4d6205203631cc853e8b8835c9ad0ca80df7f844df8bfff7bf",
    "language_model.model.layers.40.linear_attn.in_proj_a.biases": "80d0e6fa68f49531ead3a2e11fe876eb6b451c8f5cb86e5940a9521353173338",
    "language_model.model.layers.40.linear_attn.dt_bias": "1fcc281311164cf6236b797b137b13587474af683d64a6fe068041f20937e4b0",
    "language_model.model.layers.39.self_attn.v_proj.weight": "8dfd5113a9b054398b766ff6bf01b65b785566b85b1b22c99f647f20f0a1d5aa",
    "language_model.model.layers.39.self_attn.q_proj.weight": "5849158b1c08e2646e85125a99c86614182eadd9f8a7b9e8448d3e84e0fedfbb",
    "language_model.model.layers.40.input_layernorm.weight": "d948785b4ece7485e85410ed478b16923aa706421e8af973be092c6920b5471f",
    "language_model.model.layers.39.self_attn.q_proj.scales": "a323b18e400def6baa6a8158cf5a5cdd44a9df1862dcf978e8de24fa376555b7",
    "language_model.model.layers.39.self_attn.o_proj.scales": "597181a62ecc3e814881512ea530b6dc97147491658a296d4054f774d85fd627",
    "language_model.model.layers.39.self_attn.k_proj.weight": "344b524e5d8cacc6045bc1f45154cec0ae38a8f94261bf0b59259e3f94eca287",
    "language_model.model.layers.42.linear_attn.in_proj_b.biases": "56c76f7f9fff6bba4f859ee8047b40b095498ffa1f9ca8eb69f9521f81b6c98d",
    "language_model.model.layers.39.input_layernorm.weight": "09cab74aafb32b6b460965bb5d7386ed672b880d6a6c9d86baa55580c1cc3066",
    "language_model.model.layers.38.post_attention_layernorm.weight": "5d4e1df2652d688f7043b3344af92993499d0c9b916325c31e5ee4b3758c94ce",
    "language_model.model.layers.38.linear_attn.out_proj.weight": "7d4e656fcb701ca9106bdb8faaa18071d1e11b979011e4a6571b183d37561c40",
    "language_model.model.layers.38.linear_attn.out_proj.biases": "6cf68519fd77643e7da894d6572981472ec98a7f8fe12696f20a25a8afc0efc7",
    "language_model.model.layers.38.linear_attn.norm.weight": "0d8692719fb0d2c357856da79152a7aacf0c6d3d6279c533b7ee4bed2032c13e",
    "language_model.model.layers.38.linear_attn.in_proj_z.weight": "f5d4e9bfd4e6b998bbf22ddbc762baf4faaca68f3cfeec8d9cfb6ab661f91ed1",
    "language_model.model.layers.38.linear_attn.in_proj_qkv.weight": "0f4541aedfec78a21ed1a4b58ed9faa7b7c750c7adbf103da2575a01ebdcca17",
    "language_model.model.layers.41.linear_attn.in_proj_a.biases": "44e8bbf0ac07555518ab912d8b7aeafe5daf6a35cdf7c3c3ab9af4db4ecd2083",
    "language_model.model.layers.38.linear_attn.in_proj_qkv.scales": "e2515ee11fafbae0d7d202fda31dfc6e8d04e9c975cde0ec6f684591e7bdc9f3",
    "language_model.model.layers.38.linear_attn.in_proj_b.weight": "77cb0fc8e4d05847b5b0538c483d92fc54a1a3b0301f71adcf4726760ed1f936",
    "language_model.model.layers.38.linear_attn.in_proj_b.scales": "e87ab93be3b2eae8f97286cf3e81c40bf86f7bc0d0219a9d61ed1d83323a5d0f",
    "language_model.model.layers.38.linear_attn.in_proj_a.weight": "457a2b9a0945260bca7b1400387ac41bb9dc68ba89286e06f4fc9734d1091687",
    "language_model.model.layers.41.linear_attn.in_proj_b.biases": "3afa491058ea385ed237d610b04cb17fd96fcb3d1ff6a4dc1089ab8f7ecef42b",
    "language_model.model.layers.38.linear_attn.A_log": "975d5f8d200b21386e9d9dc38b5b36c04767b775372cb268fe2abcc35ce82370",
    "language_model.model.layers.38.input_layernorm.weight": "5b6e2ea0685b29c26d80adabea08ca68eb9869bd9fbcaad6ee6e46bfb8346787",
    "language_model.model.layers.37.linear_attn.out_proj.weight": "4114a0fb9a37b98d3b38861fce578a31315c0d7cc1376269ac283809a4e45e2f",
    "language_model.model.layers.37.linear_attn.out_proj.scales": "069fc7d37e60a57d38738dbb3efebfa909935fa401ba0ceb5c4810af867a6e0c",
    "language_model.model.layers.37.linear_attn.out_proj.biases": "a83598ed3c31a843c4d96cee4d1f27548759e832a47a0e96fb74bcae3c787ebb",
    "language_model.model.layers.37.linear_attn.in_proj_z.weight": "ea9551e5a037b0f975331cf2e189a936c68d13dfee570090b53db925531119fb",
    "language_model.model.layers.37.linear_attn.in_proj_z.scales": "9392be2dfff9e74ac9c0fa0091bfc9a68ca46460ddeb1d6299c09f10f6d6a5c5",
    "language_model.model.layers.37.linear_attn.in_proj_z.biases": "50a9235dbd7e92cd27300397cea34a309ad77855cc02fa0ae4f084ec20ed0550",
    "language_model.model.layers.37.linear_attn.in_proj_qkv.biases": "2c950e3a4d1347ea304268a1781d30dea475188886fdd071d32f15ed3420a097",
    "language_model.model.layers.39.self_attn.o_proj.biases": "a2f8924e2eda794c020d948f1cb589e680a638e2607d2ee2e857f0e2fc567f73",
    "language_model.model.layers.37.linear_attn.in_proj_b.scales": "19bddca1c882e185fedcb13b3949c7896a6dd7760b75fe4adbbf96866b80b279",
    "language_model.model.layers.37.linear_attn.in_proj_a.biases": "8c0a88937abd8012c0839f45f65f8684cd4bbedd1193dba29da9d5b1066b51c6",
    "language_model.model.layers.37.linear_attn.conv1d.weight": "2522c452f53ebe43b9dd9240834d61ffc5f4f0ae3b3eddbe4ed70c21e861264e",
    "language_model.model.layers.37.linear_attn.A_log": "c4e3d507b5afdf901be95f767e1ee6c7134f79cd8e04e29a5cfb2a17aa651655",
    "language_model.model.layers.36.linear_attn.out_proj.weight": "81bf3bef0292961c9b3c5b9036cfa777c3e2b4f050124c0dcf1cb982c9231d54",
    "language_model.model.layers.36.linear_attn.out_proj.scales": "0d0bfca7c6e9de561bee2eb10f18bd3a41619a65125c9086763ba373a2881204",
    "language_model.model.layers.38.linear_attn.dt_bias": "dd697f77173d651984bfc1149ca32913b230db650e852ac71be166abfa5a62c6",
    "language_model.model.layers.36.linear_attn.out_proj.biases": "9003f0cb25fac5a5b7e3f2f57e9b03a46f6d67ff2f98dc6e160b8bd44613ee60",
    "language_model.model.layers.36.linear_attn.in_proj_z.weight": "2254c22ed59513d04c6c2e62f1df14e3939bf7c11b641c0d55b758198715ad48",
    "language_model.model.layers.36.linear_attn.in_proj_qkv.scales": "1d7c2239af3e17eef5a9b42ca62a0ea62c5bdb43a4cd38858aea1a5eec41d90c",
    "language_model.model.layers.42.linear_attn.in_proj_qkv.weight": "c2e35c260729bf5af2d8c8e61397a8e4dbd1de1fccfa620377b0aa773de3fd1b",
    "language_model.model.layers.36.linear_attn.in_proj_b.biases": "b919d9216fbad85bb1bb2b1039ce02c0db51022b7f6932c74fb593200408516d",
    "language_model.model.layers.36.linear_attn.in_proj_a.biases": "3bb379ca3e92a567ca4bc6fe539485cd3ab62b199d5e132e1fb2f248c795a714",
    "language_model.model.layers.36.linear_attn.conv1d.weight": "5b92b69691f6d68173b9a42852f3e9ed0b06f80140eaaf898c7f22c02a2cb59f",
    "language_model.model.layers.36.linear_attn.A_log": "e257dbe5576f3ad945365b81a67185a644234e870f2d6e3b08208b64290a7459",
    "language_model.model.layers.42.linear_attn.A_log": "930709e0c18246cfc60f353646c45bfcc731dd8589fcde18a0e3eac1f401febb",
    "language_model.model.layers.36.input_layernorm.weight": "38563fd89f523cc880ae4487a90fa367b4245c66dfe692f2ca18632868eeea7b",
    "language_model.model.layers.35.self_attn.q_proj.weight": "335e446cf6646e3d008d659da78de4e9993b3f0c2bcf7ef4aee45f36c61c4e89",
    "language_model.model.layers.35.self_attn.q_proj.scales": "9770a1211680020fda55b25306fe90ef05663a3912f0a79109919021d88f17af",
    "language_model.model.layers.35.self_attn.q_norm.weight": "c557356ef92df27a28cbea464aa22f3bb29009dd119b22ade9fc7d307065ea3c",
    "language_model.model.layers.40.linear_attn.in_proj_qkv.biases": "02347f711bd6281657237bad59e8d522586850d30752719b9f011394bc6bb124",
    "language_model.model.layers.35.self_attn.o_proj.weight": "0ee44234f131b8177d943dce4dcf8a7e8f83e9edd6e21a71b0bd995d16c2c6c0",
    "language_model.model.layers.35.self_attn.o_proj.biases": "c8227a151f19b5bbe54e7847e65c51afd7eddf60d5965d36d7f5af85aa667843",
    "language_model.model.layers.35.self_attn.k_proj.weight": "941032c19ba0c922daa79e6f279bb2d50eabdd94c682ce7b1eba3ab61ba4b964",
    "language_model.model.layers.38.linear_attn.in_proj_a.scales": "bd86047ef3edc7e98f27988ec33f7b793eeb882a8a9d8d8e0365b3a843aa75ee",
    "language_model.model.layers.35.self_attn.k_proj.scales": "17aea895301a254357a2b4254d82c44b707c3a77c414a9d0ea277276af1a2287",
    "language_model.model.layers.35.self_attn.k_proj.biases": "8152e0234551715823a9022250deb4e917b1f3b07f19718686ea73c141bfc485",
    "language_model.model.layers.35.self_attn.k_norm.weight": "1623d9c7805f3f32684b965d87c0925d2e5b649ce3e365251e0dfc750c764e68",
    "language_model.model.layers.35.self_attn.v_proj.scales": "9dbbd75228a4065147967bc0e6377a2374c04955e9074cfd718dabbe017980db",
    "language_model.model.layers.35.input_layernorm.weight": "e71ba320e5f5b4fd5782f7923f9e9d2a508c40ca640afac039aa6886970b045e",
    "language_model.model.layers.34.post_attention_layernorm.weight": "c89a5c7b8958e632ccb96991c25b39d660c2c0bb7fa7b4efc4fe89a988b0c746",
    "language_model.model.layers.42.linear_attn.in_proj_a.scales": "d8a3ac789fb279ff3bee33647eb0b3e7363ca449860efca1809d3e3c21a45934",
    "language_model.model.layers.38.linear_attn.in_proj_z.scales": "4c258d0d417288ec250fa75b0860d167fd3a9b31517af7380f26648218238262",
    "language_model.model.layers.34.linear_attn.norm.weight": "32ff821a03c1de5f961eea47158dd055b8293c348aa6d0c79d67f639074d6031",
    "language_model.model.layers.34.linear_attn.in_proj_z.scales": "07d4d3cf77c120403851b58777b9be768b479592f75963e31134eed066255cc4",
    "language_model.model.layers.34.linear_attn.in_proj_qkv.weight": "a1fdaea23a7c96a24e5ff989947545bc30183df226d03b35f6c05acca98c25aa",
    "language_model.model.layers.34.linear_attn.in_proj_qkv.scales": "5b3df3d9c3d74cfe1c0576b23e3942abf255f9afecd9f22183d14c9eac34b812",
    "language_model.model.layers.34.linear_attn.in_proj_qkv.biases": "f59b120460ce544dc8ef257cf4a72b07f6a2dc38a3e2849180b7702c4afe949d",
    "language_model.model.layers.34.linear_attn.in_proj_b.biases": "5efff645f11d25c9ad68243cd99016bdf0647da4e990195b13bd33fdd1d43853",
    "language_model.model.layers.34.linear_attn.in_proj_a.weight": "3d474cbbf928ecd51a2776484db5abdd25ced531a3d8ab0e44b7a496e0e3f5a5",
    "language_model.model.layers.34.linear_attn.in_proj_a.biases": "5add1afb6eec8e6bd760b96d5a4ef7c13c2397b77517fcbb187690c0fb53eed0",
    "language_model.model.layers.34.linear_attn.dt_bias": "bc7883c777e8cf78e5e5d83da9923e98dadb99a6208620f71b5ada1407e5a1d1",
    "language_model.model.layers.34.linear_attn.conv1d.weight": "bfb771d29c67781cc4e27d31f73695ade088080c65008f581e11d8101d2371c6",
    "language_model.model.layers.34.linear_attn.A_log": "3fd5b863d790d56c4c46830b836a17b6303f234c4211d377a074005fea1e1cc7",
    "language_model.model.layers.34.input_layernorm.weight": "e232334754dcfa8447b3d81ee6b6841726739de1e524c45843ae59d4ac523385",
    "language_model.model.layers.38.linear_attn.in_proj_b.biases": "4daf1f373476eebbebae89aceb96564f015afd48e9f2c7e682a71e0f627efb91",
    "language_model.model.layers.39.self_attn.k_proj.biases": "a29d8b459edec1c3296cea278c5be00aa95a8c90a971602771752748a68a7f4c",
    "language_model.model.layers.33.linear_attn.out_proj.weight": "df44852cd52120140a6d0bafe2188d1de74c7b96404d1983d43c86e2c78ee9aa",
    "language_model.model.layers.33.linear_attn.in_proj_z.scales": "9f5d0545cf20885eb1f9529f8c866ffc59ae3605636e70755325672e722f5f28",
    "language_model.model.layers.33.linear_attn.in_proj_z.biases": "031e0cba6bad4bd61d98eab5b70930c7350b9b736cf96c268d2bc01627474438",
    "language_model.model.layers.33.linear_attn.in_proj_qkv.weight": "c4691c4207dd840c2b1e78a63bd7d07cdd05739051a5cda8c978791318094802",
    "language_model.model.layers.33.linear_attn.in_proj_qkv.scales": "2a077cca3ce6e018f66ace70b59d7815c549ccf7cef9dc79254d44c3267b3e39",
    "language_model.model.layers.39.self_attn.o_proj.weight": "07158912a8b87b6d98b91abbfd941f38edeca2a6663feb6c46380af7026a69bf",
    "language_model.model.layers.33.linear_attn.in_proj_b.weight": "4c4c42dbea5b6b037a4dc6f1b290fac9fca88c3378e29b5a41c79748b697df6f",
    "language_model.model.layers.33.linear_attn.in_proj_b.biases": "964b02ea61761c0c392b8882a49691f73fd9be170c982f5ca750709e55df68dd",
    "language_model.model.layers.33.linear_attn.in_proj_a.weight": "e2a3e41a0a989a86228e4a25951550c276a9e128e2bfd9e2de42812ccc7a81d7",
    "language_model.model.layers.40.linear_attn.in_proj_z.weight": "87156ce5ebd4b6f7ef729497a3a73c7b69345ffe6a4e8e4352f707b2fa279f36",
    "language_model.model.layers.33.linear_attn.in_proj_a.biases": "98b333953a83c92f516ea934d66ce6e2011e9589f8dc27815d65b93f977a4417",
    "language_model.model.layers.33.linear_attn.dt_bias": "6acb415514eb5a07a6d70594227a59785b7dc2f13f19dc9b444d9f36d782d8af",
    "language_model.model.layers.33.linear_attn.A_log": "d60c4786a8e1265c4556502d105ca0581e77eca19643c0cdfbfa1149c4485294",
    "language_model.model.layers.33.input_layernorm.weight": "110a680f6868a22afe24b1e3f0b16601a98378f9bde23b0bb0bec01f3c7cfdfc",
    "language_model.model.layers.32.linear_attn.out_proj.weight": "1f4fccfce7737159692745821014e1ebb0221f85b4a9f6d36fee678fd49842e1",
    "language_model.model.layers.32.linear_attn.norm.weight": "fe385efdd03c33ac0f17d000ae6bca9d8779b3dccfa46268d04b78d01c534a11",
    "language_model.model.layers.32.linear_attn.in_proj_z.weight": "a8098ae35e71ed8f4b2df3d69df85705ba7ca9c05c60d1b84bfa605442548150",
    "language_model.model.layers.32.linear_attn.in_proj_qkv.weight": "507140c31f7ac67fc173fe10050f163b344fa3c859f8b718571ef03ed7f50891",
    "language_model.model.layers.42.linear_attn.in_proj_z.scales": "a028c8104ffd62fd75659afa4c5a6c6e632a87e31b6da0263643cbef8bc15f1b",
    "language_model.model.layers.32.linear_attn.in_proj_qkv.scales": "333dd9b97b890dc8b6ec626f764a2c1056fddda21f80650ca8dfc8603e33632a",
    "language_model.model.layers.32.linear_attn.in_proj_qkv.biases": "7788315da22f8ae0fb3afa72aeec3c25538c5afb157a3dc58fa725e67fe84af7",
    "language_model.model.layers.32.linear_attn.in_proj_b.weight": "0210783e8154a5d506a1b3326819dff44c41eaded5b92ef5094e257e73e8991e",
    "language_model.model.layers.32.linear_attn.in_proj_a.weight": "208611c2b14c004a371dde9a3ee1ac2f3a1d6054a2af69d18073b8227d0f40eb",
    "language_model.model.layers.32.linear_attn.in_proj_a.biases": "292125feb0a5395027b5c75f0fb74096b91d740de3d92c5d64b88387419cc42c",
    "language_model.model.layers.41.linear_attn.in_proj_qkv.weight": "979c772b90eaf5ed3ed8dc799e8982e1e236caa0205a013fce76fc2339a9ab5e",
    "language_model.model.layers.32.linear_attn.dt_bias": "748d8cb453a913a162169d167a8ee937790b1949f0509e2162c5d586978c2ad2",
    "language_model.model.layers.32.input_layernorm.weight": "51a6f7e1ec3d43977566fcbd03c8e89f00601ba3862edbf0949a4bec686ca4eb",
    "language_model.model.layers.31.self_attn.v_proj.weight": "f89f6aa784956e2e7a860f8264d0fd162919f146744063effc7a292d07d8d122",
    "language_model.model.layers.31.self_attn.v_proj.scales": "dca7328a99b6e9b795736f453f8549f8ed7aa4c3d0c0dfc744a6570014722a24",
    "language_model.model.layers.31.self_attn.q_proj.scales": "0f35dd7dcabe353523c9ac3df4b631b6cd829eb717e0fd1a71da4ce6dd270697",
    "language_model.model.layers.40.linear_attn.in_proj_b.biases": "b7f0f4feb5683e673a74fb891ea82b9de45c8ef83b3e69b01376c9d83c793203",
    "language_model.model.layers.31.self_attn.q_proj.biases": "b2a4452512b312e62421f2030aee0e211788b98a07e7c2051e5361da45129aef",
    "language_model.model.layers.31.self_attn.q_norm.weight": "d8c849ec3620fa08829ce0b62f7641c76a1c6253c99ca8e91b13bc1688d241d6",
    "language_model.model.layers.31.self_attn.o_proj.biases": "2285782c22ccf4f19788d2e9b2da58e1a148db8d68f9d3ef79130f3275e15d5d",
    "language_model.model.layers.41.linear_attn.in_proj_a.weight": "a268341f5e8450b98e97e08b12621b9bd37c236e254846077772c9feaf941403",
    "language_model.model.layers.37.post_attention_layernorm.weight": "710b428e08b9e606b974e58ceea28da90a2f50b5188d3623f0d02b9d274d9135",
    "language_model.model.layers.36.linear_attn.norm.weight": "f1dd0a3d76be1e50cd3c5d148bf4152f51061157eab9800123f50527c28362f8",
    "language_model.model.layers.31.self_attn.k_proj.weight": "0eac5b98c4cbf4d56fba3f6b370b45953c52810be92fe1e94d4004f894b7e325",
    "language_model.model.layers.33.linear_attn.out_proj.scales": "ed00988830e7b29d3fb832ef232452b41a85bea3804a48d8c55b687da3484976",
    "language_model.model.layers.31.self_attn.k_proj.scales": "10d5cd9f9ee321e54f938182483e7f329b64a5bcf810803114f8f3212dc5835c",
    "language_model.model.layers.42.linear_attn.in_proj_a.biases": "f51f2bbb66c2bb6e6b8be8a442962778d2b61d924956db2bb7ffabe3a20f2e26",
    "language_model.model.layers.20.linear_attn.in_proj_qkv.scales": "89d4b7b6ad6fa58e4cf62a1eef8d49a2c2b895d4bf3f74fe6868ac90dea66693",
    "language_model.model.layers.31.self_attn.k_proj.biases": "86f16da863d71b2bc12ca8b51d554009c3a14a4f873282b4e8037824f3645f00",
    "language_model.model.layers.31.post_attention_layernorm.weight": "d25cd825b7fc28041aae6ac333dcee28461941197d49c67c896fce0df059234c",
    "language_model.model.layers.30.linear_attn.out_proj.scales": "d840e61579e3c00891f6e4d28adbb4e1ddad346c1c785f52e92066aea43a2de5",
    "language_model.model.layers.34.linear_attn.in_proj_b.scales": "511303352734b4845710b1a39308984e972d459243d2e6844001ba805b29071b",
    "language_model.model.layers.30.linear_attn.in_proj_z.biases": "09843dfe408947e95ac02f74711fe8e321778c681af0b1afd98b99d4ebe28002",
    "language_model.model.layers.32.linear_attn.in_proj_z.scales": "46c624ec384e82ef4b37663076e5c66e503760e2246eaedebb0f29ee33bf9b53",
    "language_model.model.layers.30.linear_attn.in_proj_b.weight": "1b022e8b299d6a8941d5165a75d09965b4e92b3221928731d2c4445a3de0a410",
    "language_model.model.layers.33.linear_attn.in_proj_qkv.biases": "2988050d7434f993804c72751cb66e5d3448d54543e5d54753172dd178ebbc2a",
    "language_model.model.layers.30.linear_attn.in_proj_b.scales": "259719c914d7d68b826deaba087683488958e02ac637f4b9f9bc8c7fb0954aab",
    "language_model.model.layers.35.self_attn.q_proj.biases": "4b1caeb28b9e80eec27b27eb3809f97c1f8f561b86e2b89a05eb7ead6162e984",
    "language_model.model.layers.30.linear_attn.in_proj_b.biases": "1daabe3bb3c854afd895801caccca918808fde61ff62af765a3a2eb9110552b4",
    "language_model.model.layers.30.linear_attn.in_proj_a.scales": "4000ece4f0867c1871027834b2f7ff0cf9749d9a08d56230c2797521815ff5e4",
    "language_model.model.layers.25.linear_attn.in_proj_a.weight": "e2b8dfb85ea0de19b99833e1a38c4a9bebb36219a9ff07a127faf7a19793d12a",
    "language_model.model.layers.30.linear_attn.in_proj_a.biases": "2febafb85edeced96319cdf6a613a156d3ece13aa01e3a1fb118a28001e70f6a",
    "language_model.model.layers.37.linear_attn.in_proj_b.biases": "37d3618d7f8489089ed4d579ff020c672863929ddb86e19d4da2c036601c6258",
    "language_model.model.layers.30.linear_attn.in_proj_z.weight": "8689056cbf0cbce6a726531571f424c264dcbf26dea6931d02739d0491f7bc36",
    "language_model.model.layers.30.input_layernorm.weight": "eda42cfece9950275e6855cc8ba4396e1cf3c295a24c8ca21bf4cf7fcc1beb97",
    "language_model.model.layers.29.post_attention_layernorm.weight": "b26ff05e7e8fb8fff9df52e0353e6d4e923aade68e22a2ed5cb9e436554346ae",
    "language_model.model.layers.39.self_attn.k_norm.weight": "32d33c53e5e8baa5bd43aa53f9887e6b35acb0b81133c63bcb6305569f00c217",
    "language_model.model.layers.40.linear_attn.in_proj_qkv.scales": "95dd593cd680d033c711b99a1cde3db08914f176a5ceddae97e94562af186b95",
    "language_model.model.layers.29.linear_attn.out_proj.weight": "be21527da70b30fb45cd36984e0526e39a8f4fe5cec5af7db710d76a2269f87f",
    "language_model.model.layers.29.linear_attn.in_proj_z.weight": "113289166a2733639deef02637d397a38cea4110d0427745aa64b0b73f60e7b0",
    "language_model.model.layers.20.linear_attn.A_log": "b2a17c786d1c170248749096b969c37c97f1b7325a1a7c475fae8515a89873f7",
    "language_model.model.layers.29.linear_attn.in_proj_z.scales": "f8b50819b2f27718145d54982547baf472f344ec4ee7b775c49cda4696bb02ea",
    "language_model.model.layers.32.linear_attn.A_log": "dea2004b7f4d4f9c87961cd638d43868e937317158433cf0428238ce976f2c15",
    "language_model.model.layers.30.linear_attn.out_proj.weight": "860f410af2ccb282002f32cc45eb92ea2dacd5df59ff4066a728f9ad0224e632",
    "language_model.model.layers.29.linear_attn.in_proj_qkv.weight": "894d6cbd55b21644da02bbf48d53980a0ccce838d86de40770533f203a9066be",
    "language_model.model.layers.29.input_layernorm.weight": "cdbe01f8419af61e8fdb91b45ecc5544553f1b175de46f42a6cdc357156ec3e5",
    "language_model.model.layers.25.linear_attn.in_proj_b.weight": "735b8d99debed294216e03145cf23d71d2151be052bdd7867ec10ce53c2375e9",
    "language_model.model.layers.41.linear_attn.dt_bias": "36d167f951aa3215584ed93fa536317e12ea5e523cc37e68e6e05e56cf8fb607",
    "language_model.model.layers.20.linear_attn.in_proj_z.scales": "3bd0486b58293fc74ba4586678171770a2400cefc3ca1eba9a8212aedf73625c",
    "language_model.model.layers.28.linear_attn.out_proj.weight": "b86913d9a8fe225920a6771b8ca9716ae154fe593e103ebcf73e37c4ef9f132d",
    "language_model.model.layers.23.self_attn.o_proj.weight": "32c6d9a9f34995f5579407af7ceaf84649ba702bee3f7079d63b6200836dfce5",
    "language_model.model.layers.24.post_attention_layernorm.weight": "a4cb702441be942130c946eaed279bc19b8b2fe0278c885aceba76af27eeb2e1",
    "language_model.model.layers.28.linear_attn.out_proj.scales": "01f87c6d55d701dd23b849d1c1427b00b9a8778e59a5932ac46a8a1322c0c8af",
    "language_model.model.layers.28.input_layernorm.weight": "7eea8e93cd7d99cfe90686bcf36ad1a2b50f6f67237e9c87854ab7f760046d12",
    "language_model.model.layers.28.linear_attn.out_proj.biases": "2fb7fe390ff5c287ad019a8bfec804ec44b7c257e8aba50c0a9c9f827237e3ff",
    "language_model.model.layers.23.self_attn.o_proj.scales": "96f8bdc32c8f4c7c92e779b93d37c58583be316b1de291b2dc411c482b494911",
    "language_model.model.layers.24.linear_attn.out_proj.biases": "fd5b15881b0891c1db674c8fcacbd03c72775c1955149dcd5677bf7874eedf5d",
    "language_model.model.layers.28.linear_attn.norm.weight": "6295510924be73c6a61e9ccfef63d3d3643df7bc32ef0e30123f2cac3a1d8e2b",
    "language_model.model.layers.28.linear_attn.in_proj_z.scales": "567d2442748d5c66d3bc338e77baaa4b888484eab0191ac4be4d79f0d50184a2",
    "language_model.model.layers.42.linear_attn.dt_bias": "6113d525938547e286b620ee07fd6f64ed99aa2fa80ba17989cd7cee70d3ba2c",
    "language_model.model.layers.25.linear_attn.in_proj_a.scales": "0a2757678d33f2e5ec923d913ca3803184999819601274736accaa35cda1d880",
    "language_model.model.layers.28.linear_attn.in_proj_qkv.weight": "a2deface7569df913c56daf775540f686f89791d80990bf95d9ee3b06c3bb853",
    "language_model.model.layers.41.linear_attn.in_proj_qkv.biases": "0bf337c65b988b0b92fedafe184e2e596d46aeef9bdcb8a391b81c7b2f5912fc",
    "language_model.model.layers.40.linear_attn.in_proj_b.scales": "117712782bc9b19c66ead539c26395c37e84bebcc195e38b6bd45058ddfb9de3",
    "language_model.model.layers.28.linear_attn.in_proj_b.weight": "e15cc405e2141dba017541592456dbf75903137d4973dc7950906477b198d7f7",
    "language_model.model.layers.28.linear_attn.in_proj_a.weight": "4f12567d927b6db6d063ae3140ab9a0e133128afda81cb64f97801e777904cdd",
    "language_model.model.layers.21.input_layernorm.weight": "c8df88409032e15b064598d29c56c74d2d3edfdc868e9890aafea31d459499d4",
    "language_model.model.layers.28.linear_attn.in_proj_a.scales": "6f98623cb4cbe96e97d32cf84b61e5f25b81c465c343615042e660d9f9574960",
    "language_model.model.layers.29.linear_attn.A_log": "46d2d6c30d79e40199937c6385ad7a9c86347ecf1339288ce6d91dd46fd0436d",
    "language_model.model.layers.24.linear_attn.in_proj_a.biases": "55546764b91406b672408468a17fa1f8c52e56ad264e52814ce0ff2474f64ec3",
    "language_model.model.layers.25.linear_attn.in_proj_z.scales": "9e8d583198665099286390f4574b0a9f33b92eb4205aabc9c3a05b06f6f4bcb3",
    "language_model.model.layers.28.linear_attn.in_proj_a.biases": "35e79789320c6a537b27ecb8fad4cb3e49e87736dbc07e5540bebfbcbc3f3448",
    "language_model.model.layers.39.self_attn.v_proj.biases": "4ccadbcb0ed622c61491f062397ef0e1bd126c022bf935dafd4003d02d5fa008",
    "language_model.model.layers.28.linear_attn.dt_bias": "5865908058b7bca1f28eb70a5ba98038da1a23e7749cc0ea4e099b62718c290e",
    "language_model.model.layers.24.linear_attn.A_log": "58cbec050edf562530222575051ea5552d2e31f18c992b94c90cb3d875a48695",
    "language_model.model.layers.28.linear_attn.A_log": "905ebb4307a062b9d92324a09710d8ae7c3c6288d8ae5948d5a6016c740760e8",
    "language_model.model.layers.27.self_attn.v_proj.scales": "c769ade655799dfc5613246a3e8a37aa528a5d6e41c7a11b0e6b2d682cb33eaf",
    "language_model.model.layers.27.self_attn.q_proj.weight": "a8d023c856d90edb8ddb723ee81c7ac8d21e7422f9c0d55c0b7a1a67e58d62d6",
    "language_model.model.layers.20.linear_attn.in_proj_qkv.weight": "a82c317d42807439a7a4caa68121340fce0d02a086cdbe8c94c7f072304f55c8",
    "language_model.model.layers.27.self_attn.q_proj.scales": "67969cf7c822097fac8952c0b68597a447d23f15859d5680960d6e732bfeb73a",
    "language_model.model.layers.22.linear_attn.out_proj.weight": "1163d878c8fb37dd4d0671ad4266a984bb982b136e3c1524e49beef761537853",
    "language_model.model.layers.27.self_attn.q_norm.weight": "6d2752426cbe3eea05bbe9ff08bc6f44c560b32503530ee051cb6ad02db09670",
    "language_model.model.layers.27.self_attn.o_proj.weight": "468a50b4149785544eb2ffcc250b9e3fe1224c072dc74a35010e8485b08ec000",
    "language_model.model.layers.27.self_attn.o_proj.scales": "9dacc7490399117d31c625fc9ab5863dd7e74886bed408368d1df092279ef3db",
    "language_model.model.layers.32.linear_attn.conv1d.weight": "a46c55e496bd786dbbdf1bec2478231dc047227e67b7e2b604837de81a0f77cb",
    "language_model.model.layers.27.self_attn.o_proj.biases": "d527e5a6d75a228a54a0773cda3836a681b6b7bbb07be214ee57bdfc0243d12d",
    "language_model.model.layers.27.self_attn.k_norm.weight": "86e4d4ac79d3e6201bade17474bcf6b14d7c04d85f7b6f2114ec7bbbadc4d478",
    "language_model.model.layers.30.linear_attn.A_log": "23a1ab308aac21cbd8d07d86c8444a610d90ac287fe4534c9a10d8a5f8a45fa7",
    "language_model.model.layers.24.linear_attn.in_proj_a.weight": "e9f3dc2109a5a8ab30d3fd7613d99fbc706fdb987430a1a352142ce44fde8527",
    "language_model.model.layers.27.self_attn.v_proj.weight": "a792a767d0cf237992a60ba3b00be33561f549c7e338565f3f3bbf253635db6a",
    "language_model.model.layers.27.post_attention_layernorm.weight": "6dd81247e6c66557879895d833be600169c3218b3b40465a279de79c3f5c8568",
    "language_model.model.layers.19.self_attn.v_proj.biases": "a6b0dc587ecf4aa5a7b4e7fe41c2b99d34cd5b2fa92bb87e6b0c03800bcbcf58",
    "language_model.model.layers.33.linear_attn.conv1d.weight": "9a3e41a8a0262b6e6c3c2a6a93761bf7a037ab75d07537f090b8e0595a0315cf",
    "language_model.model.layers.30.linear_attn.in_proj_a.weight": "87d612693f045cb2f7bb5eccf2da19e9dbf384f2ebcf950d1ed34a2632ee2170",
    "language_model.model.layers.27.input_layernorm.weight": "e64084ed4c0b713c90da3411a3375156695bb85be1a0fc5fd9fb49d93b063f12",
    "language_model.model.layers.18.linear_attn.in_proj_z.weight": "bc33baa5ceb1c9b339e2aabb4011f84e3cbad4a0a8d77cd61c2f3735f1d0d411",
    "language_model.model.layers.26.post_attention_layernorm.weight": "60252a4ae82108be5ea81402c657f6896159afd2021f4b973505d8c9587bc78d",
    "language_model.model.layers.32.linear_attn.in_proj_z.biases": "5b17b25c4b12870b0b80a1ebaceef50c3daaf79f8c85dc7e85ba5b1ca2252a97",
    "language_model.model.layers.30.linear_attn.out_proj.biases": "1509da36c3d018ca16987da048b287bc7a27456bacb1a200f5c82724b409eb3c",
    "language_model.model.layers.28.linear_attn.in_proj_b.biases": "b6b730afb539a3a3ea4cf3be6d12574b806421e5c7e69ad80a37b6b0ccc5c2ee",
    "language_model.model.layers.36.linear_attn.in_proj_a.weight": "09536af7f1f0d3490a83be12313e5bdad4b82bd83eec84fd9e7196d0f8438420",
    "language_model.model.layers.40.linear_attn.A_log": "f242d4c5549718c61ef1677b7c2c160a24e069a642e0199933119a0a51a693b1",
    "language_model.model.layers.36.linear_attn.in_proj_b.weight": "802ddc822e09bd252f7e78917850208472aa37cbe25ad50ea38bf533251568d1",
    "language_model.model.layers.29.linear_attn.in_proj_b.weight": "cc43f6768c6b864850f62eaf14f867c021715b3883220485fd0780cfa6fc2110",
    "language_model.model.layers.28.linear_attn.conv1d.weight": "afa27cd64aeb330b839a6438e0898e74251b9001218051769702262c3cfb78f5",
    "language_model.model.layers.26.linear_attn.out_proj.scales": "e034cbf5bcc5eccc85f2747d9b4c1ac06755a2f0e39489dedfd0c9bd2173f339",
    "language_model.model.layers.26.linear_attn.out_proj.biases": "5d64d806fe2f6c980a8caa7d0e5b8b156f26cab4e8bab28a8a6d47611c16f52c",
    "language_model.model.layers.39.self_attn.v_proj.scales": "c806d3cac3564ec2f013401fc92602f2556617df39dd8d0c28d5b8cad25ab744",
    "language_model.model.layers.26.linear_attn.norm.weight": "c77a6f3c5f881f2ab10e8e5e5c91f3d28d14bcd94fe70e6b34857eeb5038b5f1",
    "language_model.model.layers.30.post_attention_layernorm.weight": "8f6bf103728ae03683651b8d10c3461e354781106fd9048909de56ba7de9841f",
    "language_model.model.layers.30.linear_attn.in_proj_z.scales": "dab4723e2ab14d4c4aca4063ebf50888f1526303414c926ae5ad5c60693e1c32",
    "language_model.model.layers.19.self_attn.k_norm.weight": "a2cd446b32dbf6ff15b12b98fc80d884b21d4f169b70bb5f3615636f3a22f69a",
    "language_model.model.layers.26.linear_attn.in_proj_z.scales": "8fb7da93885424915dd4679306ae0980bfd909403cbd6e236c15e872274c69c3",
    "language_model.model.layers.37.linear_attn.norm.weight": "45938fc46aaa1522f95de1ec38542bd879f9511b30db4aa4105e6e298eda0e4c",
    "language_model.model.layers.32.linear_attn.in_proj_b.biases": "fc132d25bd36d3eab2e4a054243ee0bc0e6e5c74eee20235ab08c3217f32e058",
    "language_model.model.layers.26.linear_attn.in_proj_z.biases": "95caa9408433cdd88e4c79632621920d76040d0553fee516fb941d554b37b57d",
    "language_model.model.layers.35.self_attn.o_proj.scales": "63f769a5e5bec07abf6ae88399d72e533f72f001d0a29be8a625dc59dd4d8342",
    "language_model.model.layers.19.self_attn.v_proj.scales": "dcf391ea2b4ae7445dee4ae140baab52a8da563e9e078e1a00476a1a1a5d1b03",
    "language_model.model.layers.26.linear_attn.in_proj_qkv.biases": "d23d39da990995aa8f08ae5d18c91771f788725d05e6669a9e7069e08a50efc8",
    "language_model.model.layers.26.linear_attn.in_proj_b.scales": "91a3205e319f44776324d6fb932f6d411a9c3f113f8de45386646873e8f3a8c1",
    "language_model.model.layers.36.linear_attn.in_proj_qkv.biases": "251677969d2bf364511b7da4bbb796468c522116a447811081e1231285dbae71",
    "language_model.model.layers.26.linear_attn.in_proj_b.biases": "79a12019d9986b5531e1efe2800c58730d071baec7da5fc8808f5d95862270d4",
    "language_model.model.layers.35.post_attention_layernorm.weight": "547df3cbc02bf75b917c4ff699eea9d5f59bf541787144d87b96510d43d8e411",
    "language_model.model.layers.26.linear_attn.in_proj_a.weight": "5a1c4c10a7f173cfa80c3d0c6df8b2e7685e5a19150198320ed1332792ff8e86",
    "language_model.model.layers.26.linear_attn.dt_bias": "0ccf43b6a43a73c4e706774111c6519649e0ab998e86a9a8d2613fc74226e3d9",
    "language_model.model.layers.26.linear_attn.A_log": "f0d1b4af9a4b20e871032e6d93f8aee341e52d1b0ec6c992cdbf904f6ff5e2a6",
    "language_model.model.layers.26.input_layernorm.weight": "33556a83a15e1c9faac5fb72880c375c1833938f4621eec7adbe23fd6a8a5311",
    "language_model.model.layers.33.linear_attn.in_proj_z.weight": "bec73a7f1e7d37cf4e5860cc2362cd62b387a7190421e7cdddaf1f350ca2fc0f",
    "language_model.model.layers.22.linear_attn.dt_bias": "de8889935cdcdadadbd1576634bb404e147667265c3f3e4df43dde7e0ccbb6f7",
    "language_model.model.layers.23.self_attn.k_proj.biases": "704c09e0ef86ae151bd47083ddd6a0efcc0d3415be67eba8a499d5de0d7edb3b",
    "language_model.model.layers.26.linear_attn.in_proj_z.weight": "d7b1fd14a72abf3665a3acd6dfaf90557981a4a6359e1e5b4a0ae3970798f2da",
    "language_model.model.layers.38.linear_attn.in_proj_z.biases": "30a2c8646f27f6e1156f9dd775ba63a74fe6357fb95f1a7d5aa3c33e99983c7e",
    "language_model.model.layers.25.linear_attn.out_proj.weight": "d89e57f651ccb11d4faf200e5ec3bace2c72ea2ad28f48d3e91041b420431574",
    "language_model.model.layers.25.linear_attn.out_proj.scales": "7ed529a9c6e417aa5f0a815d455891c96c4c9755e7d61eceb5f31aeff6409a53",
    "language_model.model.layers.25.linear_attn.out_proj.biases": "3a02f7c6bd8d980295990fe370bb0db069413e1c75832467cc377aaade04373c",
    "language_model.model.layers.25.linear_attn.in_proj_z.weight": "60e010e3d0947bb71b316f961a1b8f5aa070fb6108a567a24e1d9713b1b0dc21",
    "language_model.model.layers.41.linear_attn.out_proj.biases": "8d332387e66bbd063683978698e09980b4f683072e67ee91a3d18cf4483a8a04",
    "language_model.model.layers.25.linear_attn.in_proj_qkv.weight": "73db47e01a9b94b568966d078bf057dcc42dc690787b9cfff767d661d9135309",
    "language_model.model.layers.26.linear_attn.out_proj.weight": "ee204bb7b51b065d29f813b736b3f967d3ffcb8a5bc88e14eda4d092d1d27102",
    "language_model.model.layers.38.linear_attn.in_proj_a.biases": "9589c00ba6fd1bf3ef1e7a65e77dd172f117a387907e1265f758988bf9977091",
    "language_model.model.layers.31.self_attn.o_proj.weight": "edb0b462687b6026f18e7ce20ae5087eb80a441406239ffef26b61fbf46c1464",
    "language_model.model.layers.25.linear_attn.in_proj_qkv.scales": "ebdc32a224b26b8ec1233a7e48e12332143d2b8982f632ea71f9ea626fba9d03",
    "language_model.model.layers.29.linear_attn.in_proj_a.weight": "17d47a6d291cbbb79b3ec07c058bf69b6880868ebc273060b9e597ac51c79c31",
    "language_model.model.layers.28.linear_attn.in_proj_qkv.biases": "6d3132514ed646204818d211ee07223f8f2705e5737dfbbcedf2d155c84887e5",
    "language_model.model.layers.34.linear_attn.out_proj.scales": "69fd91184d803d9cd69ce0aa459dc27ebb2f9139d351aca916c6277502223769",
    "language_model.model.layers.25.linear_attn.in_proj_b.scales": "77f042754ee493e9bd5c0756b82922bac7d3e2b5ceebcffd612a65545221232b",
    "language_model.model.layers.36.linear_attn.in_proj_qkv.weight": "4ba85fdf02f3115eebf6beeef39a2cfcb9b29276e4ba44d0334f6094f9352e9b",
    "language_model.model.layers.32.linear_attn.out_proj.scales": "a594962d4d78e5e3a610b06e6b001ae38369b5ee043e3ef0407d5d78bae223a8",
    "language_model.model.layers.25.linear_attn.in_proj_b.biases": "bb34ebca83e370d58b6b227602c17d1c16fdd1442b90d463485431746bbcafd3",
    "language_model.model.layers.37.linear_attn.in_proj_qkv.weight": "ec9fbfab7497b4028e718fec74cea42d554f7ec6c11d71ca680f8b08aefead4c",
    "language_model.model.layers.26.linear_attn.conv1d.weight": "a5a3361b6fbc0aa6b095539a98e6c7fe81bd1c8d128b6ed775245c2d36b8e5ef",
    "language_model.model.layers.21.linear_attn.in_proj_b.scales": "211b45f84ce0dbcd4a8ca3cfa0484b53d03c2e7b86fa288b35d44d3d8db16e28",
    "language_model.model.layers.25.linear_attn.in_proj_a.biases": "3fa9f0b0fd7906dc65cc933accbfcb3893174cfad548d16cba85d9fc2e56d3d7",
    "language_model.model.layers.41.input_layernorm.weight": "a3ae0b86d6d496abd5d46ea61d1a05304383300a56472a05a45b0d5bd8e855e3",
    "language_model.model.layers.29.linear_attn.dt_bias": "6600c9a5ed26022ba3da56aa2a2dd7bb71ecc9314beb3d4a369e0d98a6b01a9b",
    "language_model.model.layers.25.input_layernorm.weight": "76907d8eb5f8ae36c90bde1c2c646982e312e8f7bd47467e34c84e666c540f5e",
    "language_model.model.layers.32.linear_attn.in_proj_b.scales": "76602a19a50a1a7e5b527ba69f2e79c00dc04aab7f9efc909f701bb7f1810679",
    "language_model.model.layers.28.linear_attn.in_proj_b.scales": "5cffca3b933d3bb69f1e5923458b878ddcfe559f8773ef6692cd5a24636ee077",
    "language_model.model.layers.25.linear_attn.dt_bias": "fb4d9c9826849187215f6c30d78a62157713e98d8487c407377b34f611231876",
    "language_model.model.layers.31.self_attn.o_proj.scales": "b4bcc2455dd4fa6f638f0bdd6142eea7e7e2dbc5b33dc4dd47d0d48424e96cd8",
    "language_model.model.layers.40.linear_attn.out_proj.scales": "99920268c7895d64fb078b1cbfdb4ea4158341a0468adff3bc3024cefee6714f",
    "language_model.model.layers.24.linear_attn.out_proj.weight": "4ac12a2759892b7e90c1c29a0be3c5a7177519140508766c4b2a6e9dedd82c74",
    "language_model.model.layers.37.linear_attn.in_proj_a.weight": "0c4d4adc718fbde99a2027a754250f802eaad55ddc60207705052672dd104c4a",
    "language_model.model.layers.34.linear_attn.out_proj.biases": "62e8c082f45045837b7ccea741e915fe64cac1257ef553373de5d94098ca5abe",
    "language_model.model.layers.24.linear_attn.out_proj.scales": "eabfe1a59f52081449d527d9c05227007925f7a3d6cf9539009647285e0d9fe2",
    "language_model.model.layers.33.post_attention_layernorm.weight": "a409c10d7c24b0abd721bbf43e18d74eef91b6a73921ed438b066eb03d13f03c",
    "language_model.model.layers.19.self_attn.k_proj.weight": "90a10043cc4e1c6bd0f14eb4a4a84d5832e11d72da60395651b3b5019f6d4452",
    "language_model.model.layers.19.input_layernorm.weight": "63ef0971926ffe47561484ad1e42dec454ca755bbed2b9222701c810acd9a3d0",
    "language_model.model.layers.24.linear_attn.in_proj_z.scales": "66f4c5ddf6d4bec39b12e374ee3539b9ecdc804c1d645b6e62ca84ec4ec1c48f",
    "language_model.model.layers.29.linear_attn.norm.weight": "7948b9a39104e29d6994cbb4e02e66c5007d972a74cf44d3f33880a4e42d6f0c",
    "language_model.model.layers.24.linear_attn.in_proj_a.scales": "65d46dc99da74d0effd0a84cfa35c1ccfe76ca7176d2ad009ac754271d19a750",
    "language_model.model.layers.24.linear_attn.in_proj_qkv.scales": "b1ad1893e8c4a74dc005871109c2e3324cc112cb58f45b603365a7342137dada",
    "language_model.model.layers.24.linear_attn.in_proj_qkv.biases": "f7b9533ee8f8e2f3c492380c2fc77a0e462b6a30ee1c156e0cd33e8fe4c9466f",
    "language_model.model.layers.24.linear_attn.in_proj_b.weight": "7f5758a0a78832da0fdcf2729579310226d7f92094b8b5141e3e613976b4d580",
    "language_model.model.layers.24.linear_attn.in_proj_b.scales": "c413349f9bb7bce57ecd2fb591a7db4a29d5cc5c5910dcf25c6201b7d4322fa6",
    "language_model.model.layers.24.linear_attn.in_proj_b.biases": "b0ded2065871980560050dd5bd4b8cb1258562b75274b34e9797f047f37c6c6e",
    "language_model.model.layers.34.linear_attn.in_proj_z.weight": "95af3b27a1eae31868e1f3dec3455d882f1cd1903b86145f95a4565736173eb3",
    "language_model.model.layers.24.linear_attn.dt_bias": "aab1f2dd563fae0da10e6d016f9e625c76733c5c3f9c818ac4b8c2cdfc21c301",
    "language_model.model.layers.36.post_attention_layernorm.weight": "bc0e1ee3695c6386637b529e1fd2dc75a1587c7e71ef41b7f05ad104c9778c00",
    "language_model.model.layers.20.linear_attn.in_proj_b.scales": "8f36b778c13409beb44207fbd219ba81b63a6f71e3ae1862c7ec585ddb361822",
    "language_model.model.layers.30.linear_attn.dt_bias": "d5bf9b74604025372334c1013775c6030dbed067d5ee532c77e6fd4df046aae4",
    "language_model.model.layers.37.linear_attn.dt_bias": "8cda820710204fda2de2447b40360e89b6a336243f21bbb2e658953c50d7e734",
    "language_model.model.layers.21.linear_attn.in_proj_b.weight": "209ab571cc5be7108c679f7952bcd6bbf36e7fd8b1275ab499ce5a154134ad91",
    "language_model.model.layers.31.self_attn.k_norm.weight": "2e4d031ef6c6ce453be9244f484a85bbc17fd58bcddcfb620db0a90e3b1199f2",
    "language_model.model.layers.21.post_attention_layernorm.weight": "182c322683586d5596b89cb2be9dd2963c2b8bb99caa0793e0b89564f05a1450",
    "language_model.model.layers.41.linear_attn.in_proj_z.biases": "07519cf5c99efbe431d490009d9c645b042f4352fbc702f0c4ba0bdd3963e9a1",
    "language_model.model.layers.24.linear_attn.conv1d.weight": "226a9992f10b21fa49292c2fd65f1869f8a118e0ab480b9879f883cf6972411c",
    "language_model.model.layers.20.linear_attn.in_proj_a.biases": "c317c1e5dbe193998b11106df735398daaff521c22639dd15c7e4647b12590e1",
    "language_model.model.layers.35.self_attn.v_proj.weight": "014a18309b7b2cfbda1203ab935c9a90408f55209dd0be85451da911ee548b6b",
    "language_model.model.layers.23.self_attn.q_norm.weight": "00819e4efa26b4585ff63d6be3d53190dcfd0fecf50cfb821a2333c3c72f1b73",
    "language_model.model.layers.18.linear_attn.out_proj.scales": "156307e649129394837ad5cdce3c8cd4ed51ac9be1db205bdf55690247d0e3f4",
    "language_model.model.layers.23.self_attn.k_norm.weight": "6cc9f4e8ada6e835396e2c3a68cf82358e76df23759218f67250f81a6451cf43",
    "language_model.model.layers.23.self_attn.v_proj.biases": "8e8b6ecc86bc2ecfdd77c83ed07831a31ea0647fed425c6b2ee586f98f8e596c",
    "language_model.model.layers.28.linear_attn.in_proj_qkv.scales": "e5488d9f71ae452e32caf57e2a4f953498824bf02dcee03b8a23c9cd240af783",
    "language_model.model.layers.23.self_attn.q_proj.scales": "ea37771639ebc86c4aed38d1908adf4fc7afcb3bb7fe9216ad40d5b315364335",
    "language_model.model.layers.21.linear_attn.in_proj_z.biases": "a1008cb42aa98485c69f5dfa5ec3d27eabbf62ee91de1c954d4cde3dda397ec7",
    "language_model.model.layers.18.linear_attn.in_proj_b.scales": "b776fdb9240913d446b05ff56a9722d41d3a89ec5aa475329ebde421e0cc0be3",
    "language_model.model.layers.23.self_attn.k_proj.scales": "bd7a112632e0f5c1e5fefbabc4132f547859835e64b2706845086b7adc3e586b",
    "language_model.model.layers.23.self_attn.q_proj.biases": "adc0c376bf751c7183c1732d245406dccbd1e10caa5ecd036bf12ac9a4ca0d3e",
    "language_model.model.layers.20.linear_attn.in_proj_a.scales": "f8bdf4c4694987bde9f7100a08c39fcacafebdfb88ea78dccb35ff32dbff6dd2",
    "language_model.model.layers.22.post_attention_layernorm.weight": "ceff142eb8f6c6be682ac4012a18497c9b3e0cba2d473251fac0d737e936fa6b",
    "language_model.model.layers.21.linear_attn.A_log": "83c131669acbdc4ee4340950dc6e2b33550b46749d82dbe7819d3190f7203df2",
    "language_model.model.layers.33.linear_attn.norm.weight": "b87d8fb9208cb6ea5a1306c205ca29617cdcb023c8131e190cb890cd4deb4b19",
    "language_model.model.layers.19.self_attn.k_proj.biases": "cc0349b8cc84c247bb0f3705074e863949a23d105057666301e95566d1254db0",
    "language_model.model.layers.29.linear_attn.in_proj_z.biases": "0dc1cc277892ec09bdaa70818fc465539f2088934dc74e9f10b8b489cd723ba9",
    "language_model.model.layers.18.linear_attn.norm.weight": "1c790429bb67ee096113dd48bfc66e5d65aca786175ee26d1d91b9b54446fe4f",
    "language_model.model.layers.29.linear_attn.in_proj_b.scales": "6366d2cc0d428ec25958721e4ac2591b440d73aa54bc5536e65b1eb3a6a608be",
    "language_model.model.layers.20.linear_attn.in_proj_qkv.biases": "ab93ced2cf49a8ab5a684a16e0f9689db4128646d07b40863ca2ca8e48a5e859",
    "language_model.model.layers.20.linear_attn.out_proj.weight": "d0fc648224d3ae0c0aa44014a14ac06b007f9ddd5ae78bcbb2cbfd352707319b",
    "language_model.model.layers.19.self_attn.o_proj.biases": "1cec5d299f6bdce3b12e6ccb367ee5599c7387388a2bcc42c4964c59584f5cca",
    "language_model.model.layers.24.linear_attn.norm.weight": "4ffb29d6da9124e929242889ea776ae4e9fff87dda055df7b7cd97cb1b429654",
    "language_model.model.layers.42.linear_attn.in_proj_z.biases": "b61f7c2fdbd6740a2304025b5dff99b1a9b40d78c191f67155c695e46e740463",
    "language_model.model.layers.22.linear_attn.in_proj_z.scales": "91f8d14da8a8bfa43cae6a9d9fe51e95a222e7185be259999ca1a0949d7a9f5c",
    "language_model.model.layers.38.linear_attn.conv1d.weight": "035bf5493816b051977bf94f1711fc3b649d73bb146b36a42979c1ac0d81a5e4",
    "language_model.model.layers.23.self_attn.o_proj.biases": "1f10026c7948f6f2df16613938718a8e018a679449786209cafbf55db0348039",
    "language_model.model.layers.22.linear_attn.out_proj.scales": "8dcd0b10c4c4b375001279ff6614e38f81f93d01aacaf266e815cff071e7e77b",
    "language_model.model.layers.21.linear_attn.out_proj.scales": "3cb0176caad2b182c7ee3f7fd491ed1d1827a5158f69a3835f54009aa5fa1547",
    "language_model.model.layers.22.linear_attn.norm.weight": "c5312c0aab602c1628f1776ded8c1c86f816f5f6abeec64765e121384199a9a8",
    "language_model.model.layers.29.linear_attn.in_proj_a.scales": "f25dd2fdcd3d8e202d9c31862814b5e05027d099d781a4bc34087f4c40b024ce",
    "language_model.model.layers.32.post_attention_layernorm.weight": "53d6364119b8ecbf56bf4c18d8dbf56c1518a4c10c19a70791702c5c81840d37",
    "language_model.model.layers.18.linear_attn.dt_bias": "a83c9aaf45f354c32120ae7df3e0ec1c1f35f48e36fab1f87b22f8c7df37c342",
    "language_model.model.layers.22.linear_attn.in_proj_qkv.biases": "ee725756f776d7f940f8588bc7f8ffde0ba61b6d35228cc3d1802d1a392f93ef",
    "language_model.model.layers.22.linear_attn.in_proj_b.weight": "5bf189f3026e508f8eb794b7dd4f0b7fe288dcb17f809d0184363c98c007445d",
    "language_model.model.layers.18.linear_attn.conv1d.weight": "b8d5b1aa9575e474ba33477e1b632e1a87299ee22de33f962beb516954e68d01",
    "language_model.model.layers.22.linear_attn.in_proj_b.biases": "d8686dcfcf00234cdafade1aa314cf54a870fb78c5c9db779ff7743c830ee520",
    "language_model.model.layers.37.linear_attn.in_proj_b.weight": "2ebee2918f8faca8514fa0bc8b3620f42b7639361067cb18d3b3ad69270ff33f",
    "language_model.model.layers.22.linear_attn.in_proj_b.scales": "07b316c42050cfc171a3d722c39d3a25dd09f565ab80c34957a02d1a459ef167",
    "language_model.model.layers.22.linear_attn.in_proj_a.weight": "dd1a45aab3c6e3284e75e28e43b52c6e329925863e87f88d0a45eda19498bef4",
    "language_model.model.layers.27.self_attn.k_proj.scales": "a256fd63dcfcf4c49be1b3b62c8f3ec4e37c54d1d78016c1c6cffa0366d53157",
    "language_model.model.layers.29.linear_attn.in_proj_qkv.scales": "f8640d4ea765b72303917887c427149e60b6e7b38dcebf17225eb9e7c701c326",
    "language_model.model.layers.24.linear_attn.in_proj_z.biases": "9ee65a915c927e5ab6b3a58353941f84f4ce9a0a400faebe2abfeabc502741b6",
    "language_model.model.layers.25.post_attention_layernorm.weight": "8edac03c9981710b298a0c40a038b76d8d518708d7054a60bf1b3f22fb9ddedf",
    "language_model.model.layers.18.linear_attn.A_log": "21823fb05426f5ca3f42df7ba367d62262d794f3cd5d62cd6be6dece5c6b67b4",
    "language_model.model.layers.22.linear_attn.A_log": "26b774bf310e22066233484ec4d4c4f8791ff604c758b7c11b1dca6dd478b3fd",
    "language_model.model.layers.29.linear_attn.in_proj_b.biases": "abd3ef51505fec5c20292e32f8115cde884eaeb74db03e3a3a389576832efb2d",
    "language_model.model.layers.39.post_attention_layernorm.weight": "0b7e82c8d12d369cf03a8f42d8462c0edf7d72744e31bda36ff114d43cd175a3",
    "language_model.model.layers.24.linear_attn.in_proj_z.weight": "5e7ba6efb6398c725f10e2235814774c19ad048964f70e010d6787e2694c51b8",
    "language_model.model.layers.40.linear_attn.out_proj.biases": "301b4822165199b43d035210a29b8646d7e332e52c70074676854fa36dbb1f4c",
    "language_model.model.layers.28.post_attention_layernorm.weight": "601ec975e96f2da108c4fb99ae4c1358f0f1e05069cff074f3a957c0d3af9cf5",
    "language_model.model.layers.36.linear_attn.in_proj_a.scales": "560fc89c9a593685a2c48cab08d0c7fb708808bc2b66102e2fd6229b25b70460",
    "language_model.model.layers.21.linear_attn.out_proj.weight": "34971fc37e88ca3f38499d3fcd956172946b77a3c87b5e3cc228b0c4a2237a07",
    "language_model.model.layers.25.linear_attn.norm.weight": "148cd80127cad9d9f2f1d19223a6ee6fbb78fb8edba949fbbeb6384ca69d65a9",
    "language_model.model.layers.37.linear_attn.in_proj_a.scales": "c5752aa8bec29a6bdfd7454519dfaf03639879a6f67526654771798696d89ad2",
    "language_model.model.layers.25.linear_attn.in_proj_z.biases": "256a1dd41796b2f21ffaf4a0e9d19b1c3639144ba23d97210b5ed7228a77d4a1",
    "language_model.model.layers.26.linear_attn.in_proj_qkv.scales": "52985b470180645cba2158fe6dec5652d4757300aeb7e6d473d0c520e62a82ce",
    "language_model.model.layers.39.self_attn.k_proj.scales": "9fc3a961942dc408bce2901207a76fb6ea00aadfcc04a5d4cb42b10c44f8ced7",
    "language_model.model.layers.27.self_attn.k_proj.weight": "877bb6d5095365bebdb9815141a142bec0a4dc232b96f9dd4b3c5c0a5eb65b30",
    "language_model.model.layers.21.linear_attn.out_proj.biases": "70e0133cd2afe4e8d6399dce0e615a5a0333a642eecf46e53513c0ca7036eb85",
    "language_model.model.layers.40.linear_attn.conv1d.weight": "c92f9b6a8aba6f5e86bf9e980cdafb83319a765bd2d354994deb666f4e649b33",
    "language_model.model.layers.37.input_layernorm.weight": "66b68e323e6017128fc97c6a98373354589bd9261d02190823e8f0cc2cf53cd8",
    "language_model.model.layers.23.self_attn.v_proj.scales": "fe0af19df9b85cd17c52eff76b784347747f113dfa8311b1714acc60320afca3",
    "language_model.model.layers.21.linear_attn.norm.weight": "ae9aca79b466acf81cdc6fdb961a0fe96ac347836cc12f1eff739a9b79dd9625",
    "language_model.model.layers.18.linear_attn.out_proj.weight": "e4be53e40aada469031502b8064b5d77d170556925b54b310f6ae81b6367f73a",
    "language_model.model.layers.19.self_attn.k_proj.scales": "21ba9c5ebddf21d2c7b34d77c352a28d2f435ab8eb8a1a86c5b2014f4b292e30",
    "language_model.model.layers.22.linear_attn.in_proj_qkv.weight": "847c9da39569d703886610eaafab65e8e4c66f0bb42fe2f55a928b5d7df55f2d",
    "language_model.model.layers.21.linear_attn.in_proj_z.weight": "5131d68db012b52e7b1fa730595d0876b7272bef1838e5d3681fad386fc3832f",
    "language_model.model.layers.29.linear_attn.conv1d.weight": "04d54d13ca0f19d48671b25ca37238df965f3907f1b8930c11174d14f0fc1cd9",
    "language_model.model.layers.21.linear_attn.in_proj_qkv.scales": "4104c021ba915074f62b3f7287f499995286b3790a9b0ccbc06f79e72869dd38",
    "language_model.model.layers.26.linear_attn.in_proj_b.weight": "585050848cc86d66b37b06c0a056dac8d1c6b64bd54825da094714f723a0bdd1",
    "language_model.model.layers.21.linear_attn.in_proj_qkv.biases": "0ae0433b67c302889650312a231e4d3a64aef9bbb08283f2f386914995c0b823",
    "language_model.model.layers.24.linear_attn.in_proj_qkv.weight": "34e7d0c52be8f82be6609b537e806e135986ad02bd5aa321a65ce634e02c75d9",
    "language_model.model.layers.30.linear_attn.in_proj_qkv.scales": "4f44172a7c00fadf0f98383fbd667fd426c2ccea9085a2e3c187800b8abd2b05",
    "language_model.model.layers.39.self_attn.q_norm.weight": "88bddde1e78486b84d0b026a17e7fcb8ea25cacd64ac2d0754267d3d4962a6ef",
    "language_model.model.layers.36.linear_attn.in_proj_z.biases": "3b5ca9dde455cc4905a39bc6e7434bb6f38df57f19524779d7c0e54579ea2d36",
    "language_model.model.layers.21.linear_attn.in_proj_b.biases": "feac1b2866f5a7cf4545faae21f53c0bfd044e61ea7fddeee42cdf28788988d8",
    "language_model.model.layers.20.linear_attn.dt_bias": "63751290e03df4df234444a46320199c75f8caa21c9cc359ffb208360a827e3e",
    "language_model.model.layers.22.linear_attn.in_proj_a.scales": "5a1e7a8e7fb96c5ca53ff5b738e9ae42f0c9b1723ebad52b14af853bd2e09f9c",
    "language_model.model.layers.19.self_attn.o_proj.scales": "641cb8b0bf1b08661d7b32f4d4cb69f5de3299035d88dea69539ebc56e9d8e11",
    "language_model.model.layers.21.linear_attn.in_proj_qkv.weight": "fd6a45ddcf2e00383515a2e3d500d92cde0d4e154c7e42f388f0a513010872a7",
    "language_model.model.layers.38.linear_attn.out_proj.scales": "baa91df6d0a20ce82c6058d75430f27297867dc56074026e9a140cefa173f5de",
    "language_model.model.layers.20.linear_attn.in_proj_z.biases": "0d3821d3284d86f3e3fbe6205b058a3e7a7cebf3f538d60a36165f4538f7d6ed",
    "language_model.model.layers.22.input_layernorm.weight": "6aea4d8307268d57fff4e2df6d88065019b8719d4076bfdfe03368183bc6325f",
    "language_model.model.layers.21.linear_attn.in_proj_a.biases": "9e6b875f6aba21dea63202e5ac89a61e976b71810f438542f645496fb42dc4c7",
    "language_model.model.layers.42.post_attention_layernorm.weight": "29e00e00c1fff820619fc42d70a64ca2ad5271610f8c5c2e32fa1563ea1588ca",
    "language_model.model.layers.19.self_attn.q_proj.weight": "f8e464342bc3ce0e88c4481964566d246888fae1b8d52692fedd8dad1397c9ea",
    "language_model.model.layers.18.linear_attn.in_proj_qkv.scales": "13ef0cd9c2d496109cddd5b3945b2905e82a06d3633228cbfc6b267294d78b98",
    "language_model.model.layers.41.linear_attn.in_proj_b.weight": "0806404538c9c89c07289b51e6bb0c71e37c4ad93fc72cbe5fdb69194ae0cfb6",
    "language_model.model.layers.21.linear_attn.dt_bias": "54ca75b1d5377065fdacc8fbab42369b0331e5467c66e60922024ed630b0137c",
    "language_model.model.layers.40.linear_attn.in_proj_qkv.weight": "f8e24957f62e6838f60c3d5af3ac9d7c7df0206c3adf463fc1b4df09e232917d",
    "language_model.model.layers.20.post_attention_layernorm.weight": "2c7e6178e7775d0316db065f8cf340ef33d27d3471ea22568144fe3750f081d7",
    "language_model.model.layers.37.linear_attn.in_proj_qkv.scales": "2959045c57b0ccee9a2246dc702a57e6764d9923065559447f16b41af7a15f52",
    "language_model.model.layers.22.linear_attn.out_proj.biases": "5fc3cdfd61bb98d0a0fbad249d8555a10ead429698948ec57703d0e63c2df073",
    "language_model.model.layers.41.linear_attn.out_proj.weight": "2889afb79536f59360d2ff2990a810afb195cddcf209e894dc815951fe7826b3",
    "language_model.model.layers.18.linear_attn.in_proj_qkv.weight": "060c6e380b2ea7264ed73c42a2231226c1fff1ce291d4bd8c5519d9bd87ca7b5",
    "language_model.model.layers.20.linear_attn.out_proj.scales": "3378cfdbe295dc607f3db1d7cd6ebb385a2ff7968f7e9ed2f632c7cbfc1848dd",
    "language_model.model.layers.21.linear_attn.in_proj_a.weight": "57059a1ee162f3586184e953e04c889b6dbcfa7f1af04e539323f49738f0d768",
    "language_model.model.layers.32.linear_attn.in_proj_a.scales": "61b4335da97badc69971439e077a49f34babdb44c22148b096d5e363e7e96cb3",
    "language_model.model.layers.40.linear_attn.norm.weight": "bf8da981448c32d85cb29bce85a411a4195e639c67ff534449a97d9c61db715c",
    "language_model.model.layers.27.self_attn.v_proj.biases": "bc8354366dc94dedc6e227563e7d6b9b3a322671686cfa9984ce3c7cafda31f7",
    "language_model.model.layers.36.linear_attn.in_proj_z.scales": "119884b4d888d9ce52219b29777cd943ad98edd22b1db2f44630201054ddcdd0",
    "language_model.model.layers.20.linear_attn.out_proj.biases": "48716d92c56c4a1b7e228063ad0da4cf4a1667289f53efb3ee408e69fa74f802",
    "language_model.model.layers.18.linear_attn.in_proj_z.scales": "5337b3b5f25583c1e4ac9e19be8e291654b1411b50c1bfaf8a8ba95f0d7c4958",
    "language_model.model.layers.30.linear_attn.in_proj_qkv.weight": "aade79f7a889ad817024e2d7df93dac147977f8fce71949c42b0245bec2a7106",
    "language_model.model.layers.23.self_attn.q_proj.weight": "e404160ef75dcdc827151508324ca611c99b561bd602b97f3df879888de0a662",
    "language_model.model.layers.41.linear_attn.A_log": "6d6e6a6125f4cbfd991f4c942d7c87367229f462748fcb52c543605cb8b57b2e",
    "language_model.model.layers.18.linear_attn.in_proj_z.biases": "343fbd0987bc6e32b898ffc8b610848bed927b54863ded046d61767862f165cf",
    "language_model.model.layers.20.linear_attn.in_proj_b.weight": "a28d55ded2641682a302c159270dfc45f2b11330393ea4a7d3bd0b6e476b797d",
    "language_model.model.layers.20.linear_attn.in_proj_b.biases": "07fe704d323b86508bf3ac41f8bbfef36985b814324a6eababc1eb40499d4653",
    "language_model.model.layers.33.linear_attn.out_proj.biases": "5bd5341050e156580cb1a8fe67ec7605922808bcceb3c0769235fc84910aa695",
    "language_model.model.layers.22.linear_attn.in_proj_z.biases": "2885ed7c7347b09496297d74cb936ce03157a8858dd6386d5df4afb5b852f2d6",
    "language_model.model.layers.20.linear_attn.conv1d.weight": "ed1ed12ba798401097ecc3ac788b7e00f27b1005e6c4aa009a8bc158127f5894",
    "language_model.model.layers.19.self_attn.v_proj.weight": "28f84fdd127906d53abfba6005d3fa603c72964d9d849eccc0ef8bf2847e8177",
    "language_model.model.layers.25.linear_attn.A_log": "ac52f434a1b1078ec79a41365dc838df8035a6389304cca5d5be807d14c5c473",
    "language_model.model.layers.18.linear_attn.in_proj_a.weight": "f1e990a18a6d70584499a2ad069bc0e1d88b99a04fe0bd13f090bde712d5d052",
    "language_model.model.layers.22.linear_attn.in_proj_qkv.scales": "0d0bcb4d3936499035a90b263127f83436485e37ee53e6de4ec6cb24598d5937",
    "language_model.model.layers.19.self_attn.q_proj.scales": "88b20f1b2acde184630f76012062fa19473bb0a7dc027bd4d2b731fae4e569c6",
    "language_model.model.layers.18.linear_attn.in_proj_b.biases": "49929d432f6fb837b0640b39c3f095ae7e67f9801b2e68cf1e1d8d38b45a5f34",
    "language_model.model.layers.32.linear_attn.out_proj.biases": "993994dd539f89e424e9971ef796b75591c15f9843a89367dc523b492b5a1472",
    "language_model.model.layers.35.self_attn.v_proj.biases": "6f08c764f8b12907b38b4376a164326891813924a0c51718834bfb40d6713a70",
    "language_model.model.layers.28.linear_attn.in_proj_z.biases": "50937d5cebf38e94eda2b4f3db28a6d30b99dfa1aefe2c5b7dfd8e4e14d78b31",
    "language_model.model.layers.20.linear_attn.in_proj_z.weight": "384ea9309f9be6660e9b478385386ea56cbc4fa21aa1f417d5b1b071d0220349",
    "language_model.model.layers.19.self_attn.q_proj.biases": "c402189ed5f49e4bb4c0637b7c36f8e65826d4b20808ba510e5317b424b0c05f",
    "language_model.model.layers.26.linear_attn.in_proj_a.biases": "092edcb7a7907412f0eaa7ff5367224c10163be4aea67ba63976e532be116ed2",
    "language_model.model.layers.23.self_attn.k_proj.weight": "dc1c247e0a277af5de4813c418467a9b449c04508579c55306adbe8feac091b3",
    "language_model.model.layers.34.linear_attn.in_proj_a.scales": "250210314a45967c9256ad4291f34d8167eefbb658a36dceb25a77c14edea07d",
    "language_model.model.layers.30.linear_attn.conv1d.weight": "f455c4c4f9014bbc81d6a9db70410b1804e5b7509b53be8c9b35eb726981e0fc",
    "language_model.model.layers.21.linear_attn.in_proj_a.scales": "e990406655e59efa28b36c2030dfb548e7404032e31686397f39118778983eec",
    "language_model.model.layers.19.self_attn.o_proj.weight": "61ab168dd8dd99a297d67effb8b6713008355660e4b7c3acf0c704261ae9d227",
    "language_model.model.layers.30.linear_attn.in_proj_qkv.biases": "de6dca533ffaf0c6250775dd54091c812d82bd10aa244264a63380a09ec5b419",
    "language_model.model.layers.26.linear_attn.in_proj_qkv.weight": "df7ea5ba70d94c4bb4dbdce8228034dac00a65479e103d1406e6dc5ede011e0c",
    "language_model.model.layers.19.post_attention_layernorm.weight": "3c3bcb5a2bf44e5060e0f644ad74dd709d87cd4abe9acb0138214dd2126f0e68",
    "language_model.model.layers.27.self_attn.q_proj.biases": "c87b5915de95ea3633d2979ba065da7db7e9ac9a12c25441ab4c7fb8a6ad8703",
    "language_model.model.layers.23.self_attn.v_proj.weight": "493340b6d1ab88b70815bb181b3a90d0955a765a6fbb2d385e64d8897994ebf0",
    "language_model.model.layers.33.linear_attn.in_proj_b.scales": "f63c2b5ae3699fb6287ec123a74b7c5f8236e188d2fddaa1c6a160ef5b81ce21",
    "language_model.model.layers.31.input_layernorm.weight": "8bf1df8fe8b9f4a91083e908ada6208c690125e4a20899f8033c737023bb4130",
    "language_model.model.layers.29.linear_attn.in_proj_a.biases": "8474eda5997bae9f204fd67ece58412d5ab6404a32bf8e52ad848048031a1d04",
    "language_model.model.layers.29.linear_attn.out_proj.biases": "9b4e3424dae090086105b52c12339530588d8b6201fff15bea93654bf3b95c14",
    "language_model.model.layers.34.linear_attn.in_proj_z.biases": "4158b6cc439cf3aaf194e54620dd7e9fcf3d1ed3395ea91546cbfdf40cc9c264",
    "language_model.model.layers.34.linear_attn.in_proj_b.weight": "121bf3f7776b432bc9a759b3e10ac0b24ee216d12bc635e54c60d2cb80a7bb1b",
    "language_model.model.layers.28.linear_attn.in_proj_z.weight": "1432936a214fe7e885e23abf31f1933e950b5c53a36ffbf01ca3c9cb35f316aa",
    "language_model.model.layers.23.input_layernorm.weight": "476619170a6ddeac19cd4e2dc73e208efa60e304ddb84e6aa3008ece364fa4e7",
    "language_model.model.layers.20.linear_attn.in_proj_a.weight": "db3c39e0d8071d1603e06ef74639808b6ecbab952a0604ab0c8fc963bff3a94f",
    "language_model.model.layers.29.linear_attn.in_proj_qkv.biases": "7e55a750524401647e3eb4ef8d1d288aa6284919ba5f687177ebedeb45d60078",
    "language_model.model.layers.18.post_attention_layernorm.weight": "dbb00a0c758ef8e4d690fc7c1496fd1626eb76245156d98ff4da8833473c0865",
    "language_model.model.layers.31.self_attn.q_proj.weight": "a573226d0545b7ffa82d2f95f381cf8764116ea56af7e4f45a089add0ee0d96e",
    "language_model.model.layers.22.linear_attn.in_proj_z.weight": "131dd083d2a276ac987aa9a2a91d6e2ce58e234c2047f7ea832f0f4ffe86ba36",
    "language_model.model.layers.19.self_attn.q_norm.weight": "455eb6d1fef1cf01870eee53adfce56347c885fe25291e75b7d3eee311a62652",
    "language_model.model.layers.18.linear_attn.out_proj.biases": "8a1eb09b5e169a55ced131ad85fe349ec01be88bbd4d43431d14a8432a79b9a4",
    "language_model.model.layers.21.linear_attn.conv1d.weight": "77fdbea038eaa8ad980ccd7d4d7317dddd2f6fbda37bfd4629657c06905215c1",
    "language_model.model.layers.20.input_layernorm.weight": "6581ff44a17a80d54c4da89df80bb188bc84e8e74ce9f03efdf64af02ebcca9a",
    "language_model.model.layers.30.linear_attn.norm.weight": "ee71359a54afabe6df0eee185c16d6258ff2112c1006e35272120067915ea8f3",
    "language_model.model.layers.25.linear_attn.in_proj_qkv.biases": "4e7e9086db401a1653c02824fc7fecd762562a468f1383f3b73a07d207c849a4",
    "language_model.model.layers.33.linear_attn.in_proj_a.scales": "01b65d0233818b14f228efecd26e6bc63e90d7a8db26ba5b20b55dfd5c031b46",
    "language_model.model.layers.36.linear_attn.in_proj_b.scales": "f4e9875b8319b07d9136639022d7e5c649f9def05aa3d7768e0c7ca44a33085c",
    "language_model.model.layers.18.linear_attn.in_proj_b.weight": "d7483f30726307fbe5ee9f760bf7c0872e23af45efeb8406b85e7eea3585ce4e",
    "language_model.model.layers.34.linear_attn.out_proj.weight": "b2fadef038db17392ee0b58d90927f3687d11092fb003b672b827db33bc82e93",
    "language_model.model.layers.18.input_layernorm.weight": "ce94504b1628a14adcf141f601ef94b818a483521d63830bd164cedfa7846f08",
    "language_model.model.layers.24.input_layernorm.weight": "5b0b21bd885dfdffca9ed5e22998721156a4f1eb765adc81ad69db161a3cc6b6",
    "language_model.model.layers.20.linear_attn.norm.weight": "c59b1d90e6fa0a74242a9d7e83325199567651f2addad5892369ca9abb42ac2b",
    "language_model.model.layers.25.linear_attn.conv1d.weight": "ae7ca3297014c53b346eb57127a1837c0eb8b5196a3a439512a8a8a90a93d323",
    "language_model.model.layers.18.linear_attn.in_proj_a.biases": "b68741cca1ffa8727408da51a958793f21c5f9e9a108e5582fd058174eb2cb96",
    "language_model.model.layers.38.linear_attn.in_proj_qkv.biases": "ed034cb4a03f78cbe53bc7780e6390fc01da528fca8f558606c2ee79fa19793a",
    "language_model.model.layers.36.linear_attn.dt_bias": "4df588f937565e6f3997cd44821d11e8cdeafc058d338f7484ef3b91a6c803aa",
    "language_model.model.layers.18.linear_attn.in_proj_qkv.biases": "02d228e02960e0c2a6ea13544a0f550da94d8aa124c7183df2398da9a62bc17d",
    "language_model.model.layers.39.self_attn.q_proj.biases": "88b48b63cba45684cf7f1b4389204b37135ff94efec7150742ddc32ae4575a57",
    "language_model.model.layers.23.post_attention_layernorm.weight": "c0a42856648c61d31382de4785e86080cf1bace57aebd45a4c0ea46ac263c705",
    "language_model.model.layers.21.linear_attn.in_proj_z.scales": "534d8fa03eac3de7f2eed0aac0219f6fe07a41bd86ee2e7c41da3e37d2086b2a",
    "language_model.model.layers.26.linear_attn.in_proj_a.scales": "6fc012a60356a6f711cf3d00741d7f29c1e40dfaf05699d22a7daee3220a32d7",
    "language_model.model.layers.22.linear_attn.conv1d.weight": "17eb415dff7053b73c097dbd3953bb6c9b84804494a4fc275b3f317a0f70cb05",
    "language_model.model.layers.18.linear_attn.in_proj_a.scales": "12208e0fb9adad8135d9860097be7af507f108de340c49972c973358192b71ca",
    "language_model.model.layers.29.linear_attn.out_proj.scales": "7651b4b96deab0774801961c2e9507818779312566f087141c668bd2bf495c2b",
    "language_model.model.layers.22.linear_attn.in_proj_a.biases": "a8dc8da9cf1b842fab450d1b9d8884878012186ec560ac23bfea9f32af9a1171",
    "language_model.model.layers.40.linear_attn.in_proj_z.scales": "c23214a93f8ae6d67bb3256b403f0c90f1e2b64129d8e4ed0d9b50109baa5b48",
    "language_model.model.layers.31.self_attn.v_proj.biases": "7a94cecfc682f3e3bf20b14af09f11f6bc69f78b5a9f8f76340b343c23433b9d",
    "language_model.model.layers.27.self_attn.k_proj.biases": "ed0e8c4529d76bedbd84473ce541bd3e2df211d42271c7f83b37fe61d15741e1",
    "language_model.model.norm.weight": "bc1ac8c04cbdd6e2d52537415a6618d06e4bc4c76ff568ddaff093f2fdb73cf4",
    "language_model.model.layers.63.self_attn.v_proj.scales": "3c653bec892c3caa7492b8174d99a3dee3c0e659b5db754c4cba84c6341ff68b",
    "language_model.model.layers.63.self_attn.q_proj.weight": "4644f6349ae8d516d34dac0c12f22be67118c48c45253c4b9e46aabcf8e6ff40",
    "language_model.model.layers.63.self_attn.q_proj.scales": "e7e6bf80a91fac21036d47b99ffcd913dc7e336fed2c9f593235784332f9f06a",
    "language_model.model.layers.63.self_attn.q_proj.biases": "d029f2f45fa972d4af30349f719afb0f951a71d362b886277cb3609f468b8e64",
    "language_model.model.layers.63.self_attn.o_proj.biases": "3ecc14dfbcfe58bd7dd56ec2c61cad4a7282ed399817f52aa4fa1257f6fc5379",
    "language_model.model.layers.63.self_attn.k_proj.weight": "1709693013dbb66e2951e185451d7d3dea9168db5865203e08d1b05d147bbb9b",
    "language_model.model.layers.63.self_attn.k_proj.biases": "fcb89d8af4e40b8eb14008b993227cffad62d4ede29694750506fe54a28efe0a",
    "language_model.model.layers.63.self_attn.k_norm.weight": "30dd739fcca2e777bacb3ad5aca82e5a376be1bb8115d5fa5c1b80472f00ddc8",
    "language_model.model.layers.63.post_attention_layernorm.weight": "8a6ab4fa3c0512f355551d1db9d03502477fabae1b5137725faf8644cbb93295",
    "language_model.model.layers.63.input_layernorm.weight": "bccc99a53677caaad700d21825633ca10b5aff6fad2f58d9be7dc220a8a1a14c",
    "language_model.model.layers.62.post_attention_layernorm.weight": "feb0e6603b8f3d88c6a69b795d86dc7887fcd9f39dce9f46122243e1dcf00342",
    "language_model.model.layers.62.linear_attn.out_proj.scales": "27f22ccc15b3af92886ae896e8d8d8b8f14d88e30587bf09c185c7d792bbd9d3",
    "language_model.model.layers.62.linear_attn.out_proj.biases": "4db7dc5fbbb9e7333df3637672b32f1d29aa7c57d16e20a14f5027c433eb1414",
    "language_model.model.layers.62.linear_attn.norm.weight": "691ef76f9c84bed17620e0939b6a19999a3e87e7637762b6262cb91ee3f637aa",
    "language_model.model.layers.62.linear_attn.in_proj_z.weight": "f58690836beef8efacbe59d8d6e37d5a542cff912fd25080836483b1730d02cf",
    "language_model.model.layers.62.linear_attn.in_proj_z.scales": "e85fabfa09c1575c5e1d385f14e24aa5006bf196c02c55ee234a7d1ab6a1da3c",
    "language_model.model.layers.62.linear_attn.in_proj_qkv.weight": "e5d8180c9bc2423352a53c6941fd9af5f813d665cf5ab5df61060a6015d80eb5",
    "language_model.model.layers.62.linear_attn.in_proj_qkv.scales": "330b19cf9564214691c0836e2449549a92d8e68e0ae84ab9bb584be008669f66",
    "language_model.model.layers.62.linear_attn.in_proj_b.weight": "cf979df92b68a22b52827c18882c5331653c13fa1e4c6fefe348fc0069dfede5",
    "language_model.model.layers.62.linear_attn.in_proj_b.scales": "43ad09d084631a18dcdf6324e940f35efbd8a18f4d3c90da7670591001146803",
    "language_model.model.layers.62.linear_attn.in_proj_a.weight": "9f68ae0ec255f57b71a92fcc59b12e33ee95501c6b1710f4715ac3ba27b44a15",
    "language_model.model.layers.62.input_layernorm.weight": "648c82c9d156a40d2cc82ab38913c1004e3e4659f63feb6410535ff6d0bb7f27",
    "language_model.model.layers.61.post_attention_layernorm.weight": "b2aba0547a4e27c0dff67d47bebc31873a26914e7ffc013167e966de90b7b51b",
    "language_model.model.layers.61.linear_attn.out_proj.weight": "55b2aa91dccd7aeb08145a1dbb75b0806be2489d245768ec765d3cd324f6a15a",
    "language_model.model.layers.61.linear_attn.out_proj.biases": "4771f1339934c9337ae7e8bf0b9327944419b95035f525da98c241a858fd011d",
    "language_model.model.layers.61.linear_attn.norm.weight": "349c8fb90b974951314169a26af43f45e125c9645286ec592004eb640f571d8c",
    "language_model.model.layers.61.linear_attn.in_proj_z.weight": "60dea54d2eea2b6345f5025334ac65ad0cb3f4a1b1a03b21b9e23f6dde66e86e",
    "language_model.model.layers.61.linear_attn.in_proj_z.biases": "800aa06daa26cf05d71f13c9374534be39e90634a484bf0a018f246668bcc4f4",
    "language_model.model.layers.61.linear_attn.in_proj_qkv.scales": "f41a8a58693fff9bccaa1c5302c3c70a27be25ec088a878a3d4c59a76e4ee3aa",
    "language_model.model.layers.61.linear_attn.dt_bias": "3740d42c834d0cc11a34fe2e9fe2c5dc3fb466b60ae5bc5a88be5ac00e75f133",
    "language_model.model.layers.61.input_layernorm.weight": "d9c0f490385886d22b6365d45878fc6fc08a7fc8f897e1b3fd768ecb03c4b783",
    "language_model.model.layers.60.linear_attn.out_proj.weight": "f8d07fbe5b1a4ca459a91be05dd2f31df5aba4017588df82c9c27cb236c6d370",
    "language_model.model.layers.60.linear_attn.out_proj.scales": "a67c03f9df8405550aa92d9d653ad2c4f4186dc1ea8e342e3d10ed1745df6d56",
    "language_model.model.layers.60.linear_attn.out_proj.biases": "11f4ffe9d61e9bf1c9582693b15b28da951436b33621052c3bd740b51fde7207",
    "language_model.model.layers.60.linear_attn.in_proj_z.scales": "d04cac10d7b38f35efb7e62e033a8052e8de0305bf57e1570575ecc00e1d2ecf",
    "language_model.model.layers.60.linear_attn.in_proj_z.biases": "c76b6f6bfa72911e6ae9ef157e66657f11cb8020856a10a662dbf47eefd21fd6",
    "language_model.model.layers.60.linear_attn.in_proj_qkv.weight": "d7455bb8911b55cd4ff3b421c9578e83028f3a630a0c4c3e6f8775b1922bc687",
    "language_model.model.layers.60.linear_attn.in_proj_qkv.scales": "8029a0c8101ddf4a08bf068cddcf8124d197279c745cf54565767b3e0ec81efb",
    "language_model.model.layers.60.linear_attn.in_proj_qkv.biases": "76879c6e0cdea1bb86e6224ccce32f29299b438ec17a646ff762f6094aac303e",
    "language_model.model.layers.60.linear_attn.in_proj_b.biases": "4a56c19ac3d2ef08520daa6978ded87607bfed81ade0a21a5b615203065915ed",
    "language_model.model.layers.60.linear_attn.in_proj_a.weight": "3568c0dc1356a4f20fa6b0a9ebf748a901113a07523d2584a2b997cd6be4b64b",
    "language_model.model.layers.60.linear_attn.in_proj_a.scales": "b098c0a913560ebd837ca2a521fb113c8ae4f387d7b91b9289cc64ba52ba400f",
    "language_model.model.layers.60.linear_attn.in_proj_a.biases": "f56e81beb6c2b70a57127fc22d45f81a9f870130e53dc4f024aa5f9ba5564040",
    "language_model.model.layers.60.linear_attn.A_log": "98530fab6a5dc44ce8fafd75e1d4c9d4a345134d024fc41208a33e0f2414bfd6",
    "language_model.model.layers.59.self_attn.o_proj.weight": "330092b4d843e4d75eab43dceb20909fe157a6e5c6e92a9fdec48f9c5f31ae25",
    "language_model.model.layers.61.linear_attn.in_proj_qkv.biases": "5b5039965a602b427a5ec1b882d1b5f39fc5456e77be25c9cc94b108839d29fd",
    "language_model.model.layers.59.self_attn.o_proj.scales": "f2b5ba093a0f8c8c0a5051300d4b1b9fa70e0efda3ab6b3f459457f80cfd57bd",
    "language_model.model.layers.59.self_attn.k_norm.weight": "18d38ec199c9c1cb90da071862002897541da8bcb5d09e7b096549c1c744607a",
    "language_model.model.layers.59.post_attention_layernorm.weight": "c48eebcd774b3d9771e6cd1f11a12bb437e21c6a80042b76d4b2f7432a6ebcf6",
    "language_model.model.layers.63.self_attn.o_proj.weight": "a403bad87a2ca213e9cfe7aff81e8c61dd72d8247fe7559734c327600d3cdf13",
    "language_model.model.layers.59.input_layernorm.weight": "e7942c587471f87e7ba8ec4ff8b9639032e3c1cb038822caebf67f8d6bce61ca",
    "language_model.model.layers.58.post_attention_layernorm.weight": "aa0b4051bcf4b8ebbf1f17a457ca16eac26027184bb28f8d85c963e3f516b2a2",
    "language_model.model.layers.59.self_attn.o_proj.biases": "2248659131fe221c4bd604235b22fbc83797b9cffe3b859e71290023bc455900",
    "language_model.model.layers.58.linear_attn.out_proj.scales": "a5dd06ce1165233823032d07a7aceb0aee2af0907159e5e6d0ce2be7947e6e6c",
    "language_model.model.layers.58.linear_attn.out_proj.biases": "c90b4138a92861f1984b11bded2ba50ddb3977df7647a122026047d4bf275dc4",
    "language_model.model.layers.58.linear_attn.in_proj_b.scales": "4eb2d7b4e78d09e9ca3c03ffa3fd758ead0a4b3449aa959581f128dc9ae6b5bd",
    "language_model.model.layers.58.linear_attn.in_proj_a.biases": "6f8e6e05a0de3701efbe87076326efb4427a26901c79c8e4d64be2839010af54",
    "language_model.model.layers.58.linear_attn.dt_bias": "3383569505b675ec0b642bf0d60436245f19e846247cf681675ad09f1629b68e",
    "language_model.model.layers.58.linear_attn.conv1d.weight": "657adaec431fa345d1bd7c71247f0dc04390e98ccf9b768a338d074440876967",
    "language_model.model.layers.58.linear_attn.in_proj_a.weight": "625b89f5636d025a9a90be66662467b0871431e267169b4345707060968f1efd",
    "language_model.model.layers.58.linear_attn.A_log": "a9a3e4cd98dfa8d0a7d943f288fcd134ed0379772a0276f80992a863a544a0c4",
    "language_model.model.layers.57.post_attention_layernorm.weight": "58180bae98cc1fbab8f3c63181b22dbfd287f28494d073792f565e38aaa55dc2",
    "language_model.model.layers.58.linear_attn.in_proj_z.scales": "a07951fb2c78dfc34b724c6d1d285dd088012ea1cd33fe6de522cec014582e71",
    "language_model.model.layers.58.linear_attn.in_proj_qkv.biases": "4ac7f5372b1b3186ab1e4a2dca0c29ffb8217a40612abb33673a3eaba19b551e",
    "language_model.model.layers.57.linear_attn.out_proj.biases": "19cd4c60d8dde8fde31277a9a16f8e11d8a8403a821a4eac0161d833b1078606",
    "language_model.model.layers.57.linear_attn.norm.weight": "d26ceb6b9b82cf91000fde0afd3cce55a3398b921f0ece22fded557bb13682fd",
    "language_model.model.layers.57.linear_attn.in_proj_z.weight": "8082c28fcda139c05932d7a8d90325db9c7680007bc805ab494246350ebdeb71",
    "language_model.model.layers.57.linear_attn.in_proj_qkv.scales": "818b1db983050f9931c145f3eb07b37e5da9b60d9fd8886c3f2a884d2a2c2e24",
    "language_model.model.layers.57.linear_attn.in_proj_qkv.biases": "3703b93c5b9a17fd5c107533ae64ceb5ddc2418bafcfa6d147bd9d7c9e0c312e",
    "language_model.model.layers.57.linear_attn.in_proj_b.weight": "c236f35bb64234083460de7e25d0b56168a55e2907ee1b5504429103ab54b193",
    "language_model.model.layers.57.linear_attn.in_proj_b.scales": "f4c1dfb23c699a6fe7071d7836b1deaf9e975b2370db4ce791a320bd8f8dae77",
    "language_model.model.layers.57.linear_attn.in_proj_a.scales": "db88929679b27ddb04f6e38875c0da4e118505ed2a879cb09bdb8512ea626a4e",
    "language_model.model.layers.59.self_attn.v_proj.weight": "5eb4cd2ed50e4ec7014e25840a52bbfe8c6c6957554c739bf5ea873086bce8c3",
    "language_model.model.layers.57.linear_attn.in_proj_a.biases": "02b44605b99944b75d4d93e4ad8ec0f8df3ebe3861ca1221237ba223073a2a8a",
    "language_model.model.layers.57.linear_attn.conv1d.weight": "58cbe436aeb1b8edb179cfd072ccc570bc5d986d320f6ca1c1cf6e976a245168",
    "language_model.model.layers.57.linear_attn.A_log": "3dce84a2b1a06a5c77214110c06036b3aa50addb4af3ae62f80e7a832829527a",
    "language_model.model.layers.57.input_layernorm.weight": "8712ace3dd5b31709fa3ac24e55030d4dbdb23eaa1b160b8ac612738c0114c68",
    "language_model.model.layers.62.linear_attn.in_proj_a.biases": "a4b45f282060552b510ef76bb71d16fc396a148b12bb0ef530ea9b09a5978acb",
    "language_model.model.layers.60.linear_attn.in_proj_z.weight": "f524d82ab27571adee36001fb484f237396a2192b2573bdfedc2635bab499210",
    "language_model.model.layers.56.linear_attn.out_proj.weight": "25b643af14a342094af35a001b0f8526592b45882bd9064ad304768e0ac32db6",
    "language_model.model.layers.56.linear_attn.out_proj.scales": "f7df5acc664dc7fe4cf106136b12c02a09afdcc9c4aa199f9a9146dc4a807a1f",
    "language_model.model.layers.56.linear_attn.in_proj_z.weight": "aa0d50b2915b3b34935c879d0e9c6131ce45cf1eaefc0c9b3c0232bfea8eec4f",
    "language_model.model.layers.56.linear_attn.in_proj_qkv.weight": "2b15606cf167b24b3374ad09449920622a460cbe97d6e25d52a90c40d09c9582",
    "language_model.model.layers.56.linear_attn.in_proj_b.weight": "520b12cb9f9f9ef49b43d0d83c3e3751c9352e5c6facc327b453937c50e02735",
    "language_model.model.layers.47.input_layernorm.weight": "04a135d2fa91dc15d989639c25df2c3169a4dacd90fe079ad0f6b5f63bae7c4c",
    "language_model.model.layers.56.linear_attn.in_proj_b.biases": "45099b306562525cc633b5cbec072462698a44706e986f302d472db9dbe658ba",
    "language_model.model.layers.56.linear_attn.in_proj_a.weight": "08c2df1e4a9c88591e183e1ece2937cffec71bb99f91353bbed41d83791b8bec",
    "language_model.model.layers.56.input_layernorm.weight": "5f11e8e173ac22ca409be583d1986c82f7dd24307575379ed855043ef53c7a1f",
    "language_model.model.layers.55.self_attn.v_proj.scales": "c96b14ba178f99ce1daf37103769b28aeb52ef9e8443dc1c5fb9f8d271bd4d7a",
    "language_model.model.layers.45.linear_attn.in_proj_a.biases": "f434b12d2a61765e81e5c3e275f1b922b9d6470f4734decd068373fdfbe67af6",
    "language_model.model.layers.55.self_attn.v_proj.biases": "599cae9f31bca52c320f319e2d319a2e9e74fad2eb0f5910c3dc156c933cf656",
    "language_model.model.layers.50.linear_attn.in_proj_a.biases": "7aa274d963e7f84413cc93830e72ab029dc225a3cf58e27f4c8a688e39786954",
    "language_model.model.layers.55.self_attn.q_norm.weight": "2d40a048b781216b6ad66c3143536d0ce4101c50d478b9b4847f486228cdb8ec",
    "language_model.model.layers.55.self_attn.o_proj.weight": "d9d983436ea517e195570aab3c501ff14e0fcad7eca35597f52d10628efaa24d",
    "language_model.model.layers.55.self_attn.o_proj.scales": "d98efc1834ed8748a036e4b987bfba733c0c9ca201d935912420b4d36075104e",
    "language_model.model.layers.55.self_attn.k_proj.weight": "ec94139f73083541b5746e11790adfbd478108445f00fd23fafd2c8380e00dd0",
    "language_model.model.layers.56.linear_attn.conv1d.weight": "91ed61a344d191ddceb7a600b815a22611d7959cf1436a4f009b80e0a16b66c7",
    "language_model.model.layers.47.post_attention_layernorm.weight": "cdc28fcc9ca24f68a774ff763f7aa35f619c9456841cfa289b5e130761036913",
    "language_model.model.layers.55.self_attn.k_norm.weight": "11709a07ba4f82c6f8a8a7059719fb304cd0262b4df7dcf69993dd0a371425c0",
    "language_model.model.layers.59.self_attn.q_norm.weight": "68dc9da7a7187a3b5893221dbc06cd844c22683670cc2317ab8ae27e24b1bbf5",
    "language_model.model.layers.53.linear_attn.in_proj_a.weight": "f8e91753ddff598069451852678ad37a1d13e0e5aa190ea0298835591a4a17d3",
    "language_model.model.layers.55.post_attention_layernorm.weight": "4949b0fa88c37bf2b87ce54b59c31df67ff8f3648983fbedc3bafdb07e0dec51",
    "language_model.model.layers.62.linear_attn.out_proj.weight": "cc7f3f46e755e77363e18c57b19986f87677cc0db0e8152ba7cd3bc67758b4de",
    "language_model.model.layers.58.linear_attn.in_proj_qkv.weight": "8f169d63a0c986ee9e6bc45c836eb06471f7528de58b47ba5966a50d422c8e9d",
    "language_model.model.layers.45.linear_attn.in_proj_qkv.scales": "8c480b351c4bf530c4bb48dc7e5a27c25ec86238998711736571c5c6d5e407c9",
    "language_model.model.layers.52.linear_attn.in_proj_qkv.weight": "326da8c94caee9ecad412ce6fd734fcdb770084e00d7040a04457db3db9bbf5f",
    "language_model.model.layers.59.self_attn.v_proj.biases": "24b4056c5c8d66cab93be93a9d7da3d4e4fdb1c15c09bb2e70533281feba179c",
    "language_model.model.layers.54.linear_attn.out_proj.weight": "e5c1e108e4d336c2db840fafc83a67aa47a9b7c5100ba8f4624b4373af25fc80",
    "language_model.model.layers.54.linear_attn.out_proj.scales": "fe098d04a9966498a5ac0ea1aeb324779a80cfe2767668f2f1e1e4a89f0b75c1",
    "language_model.model.layers.54.linear_attn.out_proj.biases": "64b12f06e7543a88b53f003416e220a42523078a1bb06ea4b63e15b503d81fd1",
    "language_model.model.layers.59.self_attn.q_proj.scales": "9e8304b2de16b6fa68d6a287210421ffe57f3aaa629c4b4c10d31afe57c92fdc",
    "language_model.model.layers.48.linear_attn.out_proj.weight": "68ffd7295ee551acc62eefbe26709d3a06b71d5116a23ee8167dcc29d76a1919",
    "language_model.model.layers.54.linear_attn.dt_bias": "7fd77c8197fdb4ac8347ebdcfd287a14980d34f28a3ee408e93b055244e4bef6",
    "language_model.model.layers.54.linear_attn.in_proj_z.weight": "e61a31f718ae608c0e2a4cc5b79d243c83726fa5e9beeee07234cfd1a86274c6",
    "language_model.model.layers.54.linear_attn.in_proj_z.biases": "d0c37c7bf83b2298600767506b7c44ea49d57c163d76b39ba61220dfc9cdb6f8",
    "language_model.model.layers.54.linear_attn.in_proj_qkv.scales": "060808b3687e74d9fa292cf595a6e01209bee8b154f4520b4cd169630a4518b4",
    "language_model.model.layers.45.linear_attn.dt_bias": "7e4113ba62152d71c01fab4963cb2dec51fb833bd9602c72d318bfdb8632ce71",
    "language_model.model.layers.54.linear_attn.in_proj_b.scales": "f745792353a25a49880b308bf45ac24148162e4cbfd3104dfe58a50d90bcf107",
    "language_model.model.layers.54.linear_attn.in_proj_b.biases": "325f8515e300feefd7bb049e912eb01b1790162c4d6ae7bd49a406b6ca661d5a",
    "language_model.model.layers.54.linear_attn.conv1d.weight": "ccbc2c644efb119bf0ab4ee460dfd65ec6413c8b5b987017cff47eb619a96f4a",
    "language_model.model.layers.54.input_layernorm.weight": "9ebd317644f08e18927c080ad18b2e004fc2c0565a3add644a575138ceddbd14",
    "language_model.model.layers.53.linear_attn.out_proj.scales": "87581096eee0acd32b3d9a38b67f227fe9e83b3b6d00f18bda1ef6daf12a773b",
    "language_model.model.layers.53.linear_attn.norm.weight": "6c66ea4b2e95526a359d4091317884c3f9ac140f6d67b9355b64130a296f91c7",
    "language_model.model.layers.49.linear_attn.in_proj_a.biases": "54fc7d09eb3fa061d19640da79a0b47927d0fd1d5e604beaebd77916c4b4c61c",
    "language_model.model.layers.53.linear_attn.in_proj_z.scales": "a8490cfc3168e341b4ed55a871a8a8df95eaf128d4b652c67d260fe3dc3b3e73",
    "language_model.model.layers.55.self_attn.q_proj.biases": "1031c8aa58c0f5a9bc21f24c097d8563c201cccc547b8e98b71fc6dd80759abd",
    "language_model.model.layers.53.linear_attn.in_proj_qkv.weight": "d848c1a765e4f2cd521723c75a10531c91135922bd29459d6501b83681259bdc",
    "language_model.model.layers.43.post_attention_layernorm.weight": "37b2d344b9a001b1f0cbe470174f5452994998b67019b2508a97f54ae4383b39",
    "language_model.model.layers.47.self_attn.k_norm.weight": "95083310d6d1b7d697f5156e30cbb771056c32d0c755b03e67192f7d2a0ffd94",
    "language_model.model.layers.56.linear_attn.dt_bias": "ef9d58afaa5ca8afbe409fe4c1d85b39275ebefa55e68763ff73462ffd93d46c",
    "language_model.model.layers.53.linear_attn.in_proj_qkv.biases": "bc095bd9178e9ad86ea7cb3ae9ac4867edb9fd38374d5942f42c4b87412bd9f3",
    "language_model.model.layers.53.linear_attn.in_proj_b.scales": "3c525ef7ec5225cd1cad71decfd95b995c71e373d556a80b4c88bfb8115c55aa",
    "language_model.model.layers.53.linear_attn.in_proj_b.biases": "a9737a64b86cba44076e868b2ba619361be685eacdc063cddf42bb7fa0842be1",
    "language_model.model.layers.53.linear_attn.in_proj_a.scales": "adf15ed41648b9249366e39b0289829e4ded1c2d1b108c2c1ec705f329b4ef42",
    "language_model.model.layers.54.linear_attn.A_log": "d822949e8b07b9a90abc3bf94210a059f378d61ba77984f4c0debfb08634d7bf",
    "language_model.model.layers.53.linear_attn.dt_bias": "c99787ba6c85024b137616e8571da4a1e6d3e0da29b8e284b337fa4331c4dfd9",
    "language_model.model.layers.53.linear_attn.A_log": "87c60cba6806551f2f9f30d93a4ef97305883ba5428539d11415e88bc63dbbd4",
    "language_model.model.layers.53.input_layernorm.weight": "3d96a372771f828afb919c780525e564c1b079a5585d2749b109756205f44fc6",
    "language_model.model.layers.52.post_attention_layernorm.weight": "254c7fa75e3b7830c33a38f730d1f207910c5a7e55e556e4c8b623ee7dd1a5d6",
    "language_model.model.layers.54.linear_attn.in_proj_qkv.biases": "06c2dfd2c1e8f69a36356ca259e3ff63d12ade1234afdd64e8a52db0802f77a1",
    "language_model.model.layers.57.linear_attn.in_proj_b.biases": "9c8f7a86c4633a2a25667067050f96e42101d7e880586b04e3719136cbc29e97",
    "language_model.model.layers.63.self_attn.q_norm.weight": "8d205d656ac7c1a4bac6b8b83f49419d1395421abc9c1a4d693d395af04303d1",
    "language_model.model.layers.47.self_attn.q_proj.scales": "1dcd3de0cf907904b602fd5f1bbfb71925400a522417f867627347227f75bf89",
    "language_model.model.layers.52.linear_attn.out_proj.scales": "a7f2eb0a57ff7d232c2f1a2dfc877936d5b6bd842a76fc970dd6f7b3854ad221",
    "language_model.model.layers.43.self_attn.q_proj.biases": "8550b349fdfbe7d5e7d0fbaf1edae6784cc803bf281a48f884f339054418b927",
    "language_model.model.layers.53.linear_attn.in_proj_b.weight": "86ab9cf5d94c800804ac1fccb6f063fabd88e5fcd653797c22c56d6aa9c33d15",
    "language_model.model.layers.52.linear_attn.out_proj.biases": "d00ff2d87d51b9706d6821fec496232ac7ac7f3920943cf66c1bc3066eedfc97",
    "language_model.model.layers.55.self_attn.v_proj.weight": "fa52574c0351b606fe83c966042cfb02e0bbf29981079498807c2240747cdcd8",
    "language_model.model.layers.52.linear_attn.in_proj_z.biases": "50558e1823038eabfd2caeea39c1d2ff163393bc85e9286e252be113ba06e906",
    "language_model.model.layers.59.self_attn.k_proj.weight": "93042a2db039b64fa978114b057d721e14efeb9d9d27e109a1abdaba2f97da77",
    "language_model.model.layers.52.linear_attn.in_proj_qkv.scales": "409b3eb0b712fc848e1589841e0d233a6a55acfc7a7f973b7f497d77345c9bd7",
    "language_model.model.layers.47.self_attn.q_proj.weight": "fef54f3b047e661c8c474a3682dec207c5047323a102cb202513e6cc08ea5ff1",
    "language_model.model.layers.52.linear_attn.in_proj_qkv.biases": "99b798d4e9a512c477fb86e5bf6c3d6cbcdeb82b4d26df037233626144e725f7",
    "language_model.model.layers.53.linear_attn.conv1d.weight": "8b406005684a356b2eac557550ca3afe132a8bf260a021d11876ce3096952b3b",
    "language_model.model.layers.52.linear_attn.in_proj_b.biases": "230873852780d1c8624bb9987ed332e3d118a232ec962c5d7b1677bb581b43e3",
    "language_model.model.layers.62.linear_attn.in_proj_a.scales": "9008ebdbd9867e5cc410cf719b1dcf48d7e9df999c32fb411012ac1182f41760",
    "language_model.model.layers.44.linear_attn.conv1d.weight": "e3241e18230297f728e7e0143a1c5b605df168e3a170eac46d0445472d47395f",
    "language_model.model.layers.52.linear_attn.in_proj_a.weight": "900fbc3d5e545a74ef1d5bc44acaf291c210a3323d863960ecd0c9ab8bb56a10",
    "language_model.model.layers.58.input_layernorm.weight": "1399a0be2a029cd4ddea310a229110f2edf371fecf5a6d90c5bfa85a8f59b5cf",
    "language_model.model.layers.49.linear_attn.in_proj_qkv.scales": "f13be537f7cad829924b88e1836dbfd0722b5e74e010e349eb1f593c4a0d1411",
    "language_model.model.layers.52.linear_attn.A_log": "1961935a0cd4c0bfff728c3c594d363d44975ef3c96466500a080088ad5b1eaf",
    "language_model.model.layers.43.self_attn.v_proj.biases": "c093325506861a6b705f8bc2adf7dc447ba8b2dc42daa1270aa6261cb486772d",
    "language_model.model.layers.57.linear_attn.in_proj_z.biases": "8a40ed1159a85665679fd7c0e604f558c45cbd4d5330d5963812c67607a06977",
    "language_model.model.layers.52.input_layernorm.weight": "87d00465c7d17394f3767595ea54acc45e4bf2aadc3cd16ca1c25548636c72ea",
    "language_model.model.layers.49.linear_attn.in_proj_b.scales": "0ef7c8ed92887acb16ee3eaadbcf3c57ecb04ef2d2fd02a201f38b5877fc9009",
    "language_model.model.layers.51.self_attn.v_proj.scales": "51899b094a4f9c39c005f2da2e203fc8a8c6e289f8a44c32266e172804dfde12",
    "language_model.model.layers.56.linear_attn.in_proj_a.biases": "0a1f89e886b05183c5d5fb0c177a17d968e66ef7e2d9e3799a9596b949cb98bc",
    "language_model.model.layers.51.self_attn.q_proj.weight": "073e9490eb07d7c30174dedb3b72021e2d793d33ff71626e631544f4c75fe9db",
    "language_model.model.layers.43.self_attn.o_proj.scales": "553d447f894caa3195b73280d8227b8f126480e03372230a204b5a906cfba3fc",
    "language_model.model.layers.51.self_attn.o_proj.weight": "69f1b896ae0375a8012e5d44dfff25c08fff66fd2196cde1e81815e6089ee0b6",
    "language_model.model.layers.49.linear_attn.in_proj_z.weight": "f5127d61ed8dc15660fa1f621e3b63a460e975dad23d9fa47be5385012e3eac8",
    "language_model.model.layers.51.self_attn.o_proj.scales": "a23ff59edf3b2b04f3aa601e59618f3d10109509356f47279cd45a23081b852e",
    "language_model.model.layers.51.self_attn.o_proj.biases": "7afaaba857f2fe698ab4f31c4f47f2ff4c1fb64a35ad6e22d8067f2ce4a13e17",
    "language_model.model.layers.56.linear_attn.in_proj_a.scales": "3da0517612254521e1fcb99583522c68e37cdb82fff56de5f6252cfa08a8c043",
    "language_model.model.layers.51.self_attn.k_norm.weight": "0e99ea1cbd52f46cd277ab4a36157bf60c0fa614de7c9388b657054b326265ee",
    "language_model.model.layers.51.post_attention_layernorm.weight": "923cbfd01baba639599ff18dffc12e2b8b0a3d769fb572f0f9ed45f56e71580b",
    "language_model.model.layers.60.input_layernorm.weight": "464007edabeb504a483e5c9b703a7cb56f3581385d56e224d06fe54a9a8be970",
    "language_model.model.layers.62.linear_attn.in_proj_b.biases": "be957d0e744ba466a331de6af4a98b3e252392421dbad0061620dd85f0b547b8",
    "language_model.model.layers.57.linear_attn.out_proj.scales": "cb863459a3c99d586024ddc1b228252eb6ee5588345939dda2fd2c4b6d58a08a",
    "language_model.model.layers.51.input_layernorm.weight": "f724bb52536f91dd82e90e6366d51e80608f31aa31211405421971e71217d73e",
    "language_model.model.layers.52.linear_attn.in_proj_z.scales": "24097f4e6afbddd1ef58b650007e033ee006c89e56e5f8055a5e9ffd3d09f87e",
    "language_model.model.layers.50.linear_attn.out_proj.weight": "979e79ac37e323c0795394bef661054c0d03ce92f027a4dfbb8555579bc76705",
    "language_model.model.layers.53.linear_attn.in_proj_qkv.scales": "cb9d337884e97e2df852856e73356b64508df850e3a738fc14c110cc349f6b53",
    "language_model.model.layers.58.linear_attn.out_proj.weight": "d2d4d3117ee51f44f4e8c1653272b8c7375c30fab58ef6a9b5ad4c36925dfc52",
    "language_model.model.layers.57.linear_attn.in_proj_qkv.weight": "6f184fc1b8db4c670cb0520a23163d8fca7a0d2b95148d9f8cc1025d9b010b56",
    "language_model.model.layers.51.self_attn.v_proj.weight": "ca2563008411d447e052dc10ba21efa222a60852752de3d30684029592bc49ec",
    "language_model.model.layers.50.linear_attn.out_proj.scales": "ce78cd5a4ac0728b9258889d412b2a98189cc5516bff3dda48631582b05b4533",
    "language_model.model.layers.44.linear_attn.dt_bias": "0eb199fad808c35ad70c149fb0543c81c12139ab4804e8310dd88e77f2f7076c",
    "language_model.model.layers.53.linear_attn.out_proj.weight": "99d92aa654ad56ca315afb4db9bdc05398374d317d293c90aafa60e3bad56526",
    "language_model.model.layers.45.linear_attn.out_proj.biases": "cd7d520149332754424c3f132d788d236d66c2b937498555b7c31d4a483b0d9b",
    "language_model.model.layers.50.linear_attn.in_proj_z.scales": "6697404488b1a05d89889106f74646969a1822c0e747eb25cf587c4dc64b2686",
    "language_model.model.layers.54.linear_attn.in_proj_a.biases": "9047fce7d093bce66f13ae919fd2be3698208b19d73fd83a1a0c6d0137c46804",
    "language_model.model.layers.50.linear_attn.in_proj_z.biases": "3bddc8f55537f2e716d287535a6e854a8b920203860587123ced81b8d3bcaa0f",
    "language_model.model.layers.50.linear_attn.in_proj_qkv.weight": "23e68c6f9e2408ec055f62397cc1cac23a0179b3a8f633f470b6ac4c972666f0",
    "language_model.model.layers.48.linear_attn.in_proj_z.scales": "e88d28e973ef032b5e5001a8812ca90220adf1e72e95c19ea5ba621c6db70b45",
    "language_model.model.layers.50.linear_attn.in_proj_qkv.scales": "066d59f4cf884946d224c6667cac13966604657038bffa67e71502fdafc91a6e",
    "language_model.model.layers.54.linear_attn.in_proj_a.weight": "7558e84038080079a5009ffd4a91ccd2db91c2c4c5e4cbccc04a86a38a87d2ee",
    "language_model.model.layers.50.linear_attn.in_proj_b.weight": "94e4abf2987f1a84a393a0daa014fb047ede83d5b9bab2568fae6bef48df4022",
    "language_model.model.layers.50.linear_attn.in_proj_b.scales": "d5115febd8e80b5d20dfa119bd22000b473fdb7a32a8318814c53976fae0c270",
    "language_model.model.layers.61.linear_attn.in_proj_qkv.weight": "7ed528606912359928d3cf15585fafb9dc0fd07c2fd2dfd225497dae29b23d27",
    "language_model.model.layers.51.self_attn.k_proj.biases": "15433c1edb3ae513a7897773fb45c6ec20d0914a5161d30bea2196b8953d7dbb",
    "language_model.model.layers.50.linear_attn.in_proj_a.weight": "208d8f528574b5bbb8fd28c03957274403a71df06fdd56c8086ccdb18036cb76",
    "language_model.model.layers.55.self_attn.o_proj.biases": "be26952acd02583717f3761e0455f868824a07629d090e4311625de9d31532a2",
    "language_model.model.layers.50.linear_attn.dt_bias": "2e5971985039f3e3c965cd2a66b070944bce3fc076b28e714788a966b64143a5",
    "language_model.model.layers.55.input_layernorm.weight": "0c8f504e5c341d57ce17defe7d8d227cfea062753be51c255cbe851527f9c674",
    "language_model.model.layers.50.linear_attn.conv1d.weight": "421630f7313092d1a3b33723c38b3254c8eea68dd5e7c829441bdf85837a36c8",
    "language_model.model.layers.55.self_attn.k_proj.scales": "f8ded56e4e727ea6302691af9aaeb2a28a211c3d7185c219159d480bd84fc020",
    "language_model.model.layers.50.input_layernorm.weight": "514e5f25f654913dca0472ea23b1a5b644e9ed563dd454bde75b763d028404c2",
    "language_model.model.layers.49.post_attention_layernorm.weight": "4850484873bfe432c4011651d08c494ecdbb8832be9487919b22ea87fa94694d",
    "language_model.model.layers.62.linear_attn.dt_bias": "331de9353341f095922ced83351433eb6d802b81180ce579bb82e36b5cea2db8",
    "language_model.model.layers.44.linear_attn.norm.weight": "37cb47bea67879450d70741ff3d438e5e3337da70fd6d7c7d71ed9bcfa87801a",
    "language_model.model.layers.49.linear_attn.in_proj_z.scales": "968ca861a59cda785c0e49ee810b0be5b206f74570ed7afa6b8adb44b8075d46",
    "language_model.model.layers.48.post_attention_layernorm.weight": "7bbb5c3b872f5190f66ca858ba546415b0b949deda086be089168960ab0e4ffc",
    "language_model.model.layers.51.self_attn.v_proj.biases": "41fb339fde6f3a164c1b3322e3d4bcc2ebaa3dcc52a1adbe77fad694c1592014",
    "language_model.model.layers.57.linear_attn.in_proj_z.scales": "51da7d6e22e5bb8fc4c171737ed836208a612b0571342559350fd6d65ae0f2aa",
    "language_model.model.layers.63.self_attn.v_proj.biases": "7c06430db0447fe6a9b7eb10d949fbb0261ed3974c7cfe0366b7d6a5b0e446c1",
    "language_model.model.layers.57.linear_attn.in_proj_a.weight": "e25d08a2cdc7b643d1f1906a9d32ddb7645d1481b3ab8166b0184a99181a0595",
    "language_model.model.layers.56.linear_attn.out_proj.biases": "41002b71fc25e9cfb4110c0a7c22adc7db654886723529fcff1a3a793e8a5653",
    "language_model.model.layers.61.linear_attn.in_proj_b.biases": "c56ba577530d2c39747950a75082156fc8ebd0258880f13db0853f35acc63afa",
    "language_model.model.layers.49.linear_attn.out_proj.scales": "f1b4491333a1f6e72c47fa7f4e66e85bdb1e73003c5d81d8ee54748bc634b48b",
    "language_model.model.layers.46.post_attention_layernorm.weight": "0288ab790ab7cbd2ba1c8b5e4c5d945a6a7ef0bb5f70e9203f8ffffbcc39be40",
    "language_model.model.layers.49.linear_attn.norm.weight": "77a956b310b0814e061a0c8b5a2d8f6a3d6b9a7bb6768c3177cc944f7ff4856b",
    "language_model.model.layers.44.linear_attn.out_proj.biases": "fd06de663c4d415021c47a32cc3121a1fb23a0d8ccdcc0601e160adc44907b20",
    "language_model.lm_head.scales": "8578c767363af1c37de43af1c582e933b00eab2ee71ef8f4441766498b4b9bae",
    "language_model.model.layers.61.linear_attn.in_proj_a.weight": "e99813563d203a4b22c9f84b773f0afdbdab3d634c99577b4a6741c0b3f03418",
    "language_model.model.layers.49.linear_attn.in_proj_qkv.weight": "fc623c6adf69a9d56e66fd401f2b9b50cfd2125816666a60f3eac8cb09a6a7e1",
    "language_model.model.layers.49.linear_attn.in_proj_b.weight": "473768f222b219a8adff23e3681e84cfdcae27b28017643bd217629cbf0fb088",
    "language_model.model.layers.51.self_attn.k_proj.scales": "6929026afade161cc8c59abec6b9bd408f736a2da9863475a66267ab83285882",
    "language_model.model.layers.49.linear_attn.in_proj_a.scales": "bec6580f5c163974375012a965052c2a046289948ce6a98a1ecc3c58e17e6617",
    "language_model.model.layers.62.linear_attn.in_proj_z.biases": "164a36a43eefb09689ca57300f9fbd71e77524902e8e66cf4d1146a3bc11abbb",
    "language_model.model.layers.62.linear_attn.in_proj_qkv.biases": "22afd1591958a1c5320ac6f99fcceb1dc5aa0e31e28cd68d16db4307602b9cf0",
    "language_model.model.layers.49.linear_attn.dt_bias": "a6a404be079adcc1f91633d1442b44caa111257fa7fe90342917cd6d070ed180",
    "language_model.model.layers.49.linear_attn.conv1d.weight": "fbae923722fde0270e5c13f24548d76dac71b79520fefd6f45878c8652a6b5a1",
    "language_model.model.layers.51.self_attn.k_proj.weight": "caad96b27aa18d4cc4202e34c249be7b9e088ee84f30ae4b5fc890582ecf83d8",
    "language_model.model.layers.60.linear_attn.conv1d.weight": "e65e2d318e7c1bb7304afd966b53cf5051ca60464e467cb971eb9eaba61b0f08",
    "language_model.model.layers.53.post_attention_layernorm.weight": "f1bebe97a8b82ac84c86e7214841f1114abe137915c40cb334794e8c38136bd0",
    "language_model.model.layers.62.linear_attn.A_log": "a3e0a1e306fa8a54c3f988b80308000fca560203af79a997718925e2f8a61ed5",
    "language_model.model.layers.45.linear_attn.in_proj_z.weight": "47656260adaa34b3cbe8d0d20ef8cb25cc00abf4f050df14fa1cdbdddc620155",
    "language_model.model.layers.44.linear_attn.in_proj_z.biases": "2c6d6d2c9482e076eb0fc66d45a50b7a972adc05779ce6401162608716d1d0ed",
    "language_model.model.layers.44.input_layernorm.weight": "2d8923dd6b093d1ca9c7b1749b7d58f1d4a1d0960879163c69de3825eee52db5",
    "language_model.model.layers.56.linear_attn.in_proj_z.biases": "ef590781034965b6437a163b1208cd3b790af4c392f11e2567313db3870aea7d",
    "language_model.model.layers.44.linear_attn.in_proj_z.scales": "89693554cc3c7816d4add3e4506222a800a966749c6c5da67b9d8ecf00d89965",
    "language_model.model.layers.50.linear_attn.in_proj_a.scales": "201e6461548419ff76b3617503b0a81fe5aabc33263974718d0908b6aaea677d",
    "language_model.model.layers.48.linear_attn.out_proj.scales": "3abc8609d54d2a4b82308b72aef581c6d9727a1a48ca27feee84c4e1bd69c519",
    "language_model.model.layers.46.linear_attn.A_log": "7e8be954879e73958d2281b338dca600016f6c9691218f81cc61b77fa7aeea7d",
    "language_model.model.layers.49.linear_attn.in_proj_a.weight": "855019977f9f722133dc355cabb3eda5a6667274506251234cba8c9c2e48d6ed",
    "language_model.model.layers.48.linear_attn.norm.weight": "4961dad7e95d4160158d2b830465a84d87282a60889e42d78c88459071870a0c",
    "language_model.model.layers.46.linear_attn.in_proj_a.scales": "7e85f293ea617c5446ed1683e9c939ac9f8f4dd0b9837286565d1425fdaefb7b",
    "language_model.model.layers.48.linear_attn.in_proj_z.biases": "8cc5065be4b77c447b7bab69c1413934fa79c57f7a6607a2fb4f5f98dc1240b4",
    "language_model.model.layers.50.linear_attn.in_proj_qkv.biases": "72ae9aa9e493425c796bcfad2f2559934d3b96b7d88bd2af9594d2910fad9ba1",
    "language_model.lm_head.weight": "03fc4d7f667bd006cc7ba85ca72316014b0a5e96d966c2903e77b1718d2f9290",
    "language_model.model.layers.48.linear_attn.in_proj_qkv.weight": "f1d7fed417d4cb16b24faeb941155eeb3f56edc58cc99bfd433976b9149b19d0",
    "language_model.model.layers.43.input_layernorm.weight": "4e05de730be64c546901707f09f4fe72410be38e9d08dd19416a925aca7f067b",
    "language_model.model.layers.48.linear_attn.in_proj_qkv.scales": "9a5f5a662ea50bfc0d450591c297905850e440c3bf20232f303bbf58f567a292",
    "language_model.model.layers.61.linear_attn.in_proj_b.scales": "cbbb653b0b56295c414ad177a8b1a5c1c56925d9cecce6e4c82d5c98b2d582d2",
    "language_model.model.layers.48.linear_attn.in_proj_z.weight": "70616fafc7844422067bded804ad57b3a49aeb46637272ca1f42a32b03bc172a",
    "language_model.model.layers.48.linear_attn.in_proj_a.biases": "39ad1764c54fad18c3093c7428b9de3e2e8c462e0a166de4fe090e1d42a20858",
    "language_model.model.layers.63.self_attn.k_proj.scales": "d002b831c939ac8149549cf503455ba6d15f819c35c1e47ba2fb0075e463c6dc",
    "language_model.model.layers.43.self_attn.o_proj.biases": "eca72615e0dbc5e0b59eefd1ad86420170c2e244b33091d8654fd26cdb38538e",
    "language_model.model.layers.48.input_layernorm.weight": "d57b7dd530c1c1e00b1311639871e11ae1f4967fd2eb78139cad3d6b3a9b6abd",
    "language_model.model.layers.51.self_attn.q_proj.biases": "b3b86ad1667e056cb9821613dd11fb058eec9ef498c33f7ac1cb6a4a018748a7",
    "language_model.model.layers.47.self_attn.v_proj.weight": "ff13bd78bdccd8472323e1639606a225cd703283fc0d508c804eef0dd9f13d78",
    "language_model.model.layers.50.linear_attn.norm.weight": "b64d15217f1d3d29dd640cba66bb3653b8486533da59a6c0566cf9e0b4e6860f",
    "language_model.model.layers.48.linear_attn.A_log": "e63d1b271923e0ff6f1e45eaeae8f4470c2a75d1257dff6f8d3a9d85feeae4d1",
    "language_model.model.layers.58.linear_attn.in_proj_z.weight": "fdb9572c69b334d0fafe3a399c5a3f69c986c30d7030863e8006ca5db4d22108",
    "language_model.model.layers.47.self_attn.o_proj.scales": "e5d77379db83c1ce562c9e30cc620054ea7c6e1e8033b5b0c6679d6a67ae5e8f",
    "language_model.model.layers.59.self_attn.v_proj.scales": "95e3dc3e1e0ef42658e74fe013078eb6597fd2b5b2a80156fdb4a61996f9a210",
    "language_model.model.layers.43.self_attn.k_norm.weight": "10a439a603e5e064e55833cc6346f72db122ade7085e5f9e247131e62f48af94",
    "language_model.model.layers.47.self_attn.o_proj.biases": "490c6dc90dd52de3cb049accda2ed75344308d1cbb1c4abaebeec7fced22f270",
    "language_model.model.layers.49.linear_attn.in_proj_z.biases": "370d9f54ec1cfe84f416377a655dc37aee86f444473be20751e6492c865ea64f",
    "language_model.model.layers.47.self_attn.k_proj.weight": "b8885bfc46a5e7a951e11a83a7d82691df3b4f615e7fbf03d685821d578463ac",
    "language_model.model.layers.44.linear_attn.in_proj_b.biases": "abcb2fb954c3c912f5aac9e4225a5e7797d3d9b34ca2daf442122e95239cb521",
    "language_model.model.layers.47.self_attn.k_proj.biases": "63e5bd3fd180a806a472f1fa65761196b2e4136b240f43387c3a96a0552b6ebe",
    "language_model.model.layers.55.self_attn.q_proj.weight": "253691bac3473f55430299ec4eae1f680fa5dec8e5243a305d5c47cbe614fead",
    "language_model.model.layers.48.linear_attn.in_proj_b.weight": "0c92906524105737a3e7c4dfc30a3ab92b4754d4fc113cc8069da7c6929e91a4",
    "language_model.model.layers.52.linear_attn.dt_bias": "23b50cd9ee89ac56b3c3661dbee06d4da40e6068ddc2f5dd143cecfd658fc41f",
    "language_model.model.layers.48.linear_attn.dt_bias": "57def50fa1e113fa0bbe2d08677414060c5d0f328f967a6343c773d99bd27c29",
    "language_model.model.layers.59.self_attn.q_proj.biases": "dfd9bb0cd04c93a481458048062d17d0bc288a9eda054fb53c41b2c10bbb02e7",
    "language_model.model.layers.44.linear_attn.out_proj.scales": "bb43157373fff142b37672d387b80d4e065ec851a55b03eca84db7573cc273bb",
    "language_model.model.layers.54.linear_attn.norm.weight": "45ccfc4ea87e1177b8eebf65f28f9eca470622cd5a0555d43bd8418bead42348",
    "language_model.model.layers.49.linear_attn.in_proj_qkv.biases": "d94dda1d6ba8a6194cd6c79fe5115ef020bee741de7657461c35423cb6f52e0c",
    "language_model.model.layers.60.post_attention_layernorm.weight": "162c1c9f110ac7357306bf406560f62d6fad744c3dc05dfdb8dbd7e26239a7e0",
    "language_model.model.layers.45.post_attention_layernorm.weight": "b0809bd44e9e1e8dabd8c90da586768d0e87db2ecb20d039f74b6a24da628f48",
    "language_model.model.layers.53.linear_attn.in_proj_z.weight": "4d417e06b7d34d6a975464ddba0b723541a4edfbdf9dbb910be44659891367b4",
    "language_model.model.layers.44.linear_attn.in_proj_qkv.scales": "94e9bfd6a449ba0f44e7582f65334b7c852971d4daef4c24303d4b0244cb6d17",
    "language_model.model.layers.49.linear_attn.A_log": "bf664b5ca012b0cc68af490c63366236f26ae7478dbb92d495224c7d9b5dc913",
    "language_model.model.layers.50.linear_attn.in_proj_z.weight": "8de69dd9c8445d31ae6965388e1206ed7d29613da9e87b671c39ec9c3aee7c6e",
    "language_model.model.layers.46.linear_attn.out_proj.weight": "832d5e5042667a9909a52bcef62b369be3941a3c1165ecb27333141062d37466",
    "language_model.model.layers.48.linear_attn.in_proj_qkv.biases": "0ae22fc4b59e8ecdff29022e298caed64a0a849a92b340765bfedbf5c1944635",
    "language_model.model.layers.48.linear_attn.conv1d.weight": "a384cc840ed3b4b55b3f5bc28b88ec96f5fab424a307aca0e5b611690a4e3f66",
    "language_model.model.layers.46.linear_attn.out_proj.biases": "3cb74ae3aa1c6b242c92b0c3e5d76d91773150aac7583f0ae969daad71ff3ba1",
    "language_model.model.layers.52.linear_attn.in_proj_a.scales": "e4c214ae5b94f9bb9a3fc86886364389b209ce75213e5d79d1671998b58e348b",
    "language_model.model.layers.46.linear_attn.in_proj_z.weight": "3bac60c0102e75f12ee498fda687844fa9a0faa8157f1e36146079369fe3f1ed",
    "language_model.model.layers.58.linear_attn.in_proj_z.biases": "b12c5e1b5f7a0dc126b564eedf42ba108042017849005f138ebed0907eccf032",
    "language_model.model.layers.43.self_attn.v_proj.scales": "38d8d8e42a00a64bdb21bf32ba86953e5f1cc2b8b591675388e133ee7c825c16",
    "language_model.model.layers.46.linear_attn.in_proj_qkv.scales": "be3317d4cc552ec3563718ac28037e1b3e0620f38ded0fe79e2723239dd3cf32",
    "language_model.model.layers.46.linear_attn.in_proj_qkv.biases": "bc8cbd8175111d30942d092ea24d8677a11fa0b530abf8319c4b1d8a63c477cc",
    "language_model.model.layers.56.linear_attn.in_proj_b.scales": "cb8ec5ca4c8cca5572c85cecbe2ab21773988b3acf7a47608c680570af6cc370",
    "language_model.model.layers.46.linear_attn.in_proj_b.weight": "c9abacb2e4516ebdc77b3f6b36d1b7f4bf245c0ea94ddd6db1ad0b68a5c829f8",
    "language_model.model.layers.48.linear_attn.in_proj_b.scales": "083e8a9c2fad362096146fbd11e35b7797420223c733155804b50af26c8f8fa3",
    "language_model.model.layers.58.linear_attn.norm.weight": "a1a8c864340b70f48783a9607e799cd1e770d29d4fe929306047c16a3b52e359",
    "language_model.model.layers.46.linear_attn.in_proj_a.biases": "19b9417c78af64bd81578fb960f70f1b7033326ab513e9c12c865860e58fc9d7",
    "language_model.model.layers.56.linear_attn.A_log": "487bae1422d4fe0709939909a13dfae7be14892a46b788b19d03eb5139c0de8f",
    "language_model.model.layers.51.self_attn.q_proj.scales": "e85fef49bd22f4a7883094d658462264c0c8dacefc9764c8cd08cb0a66bf788f",
    "language_model.model.layers.46.linear_attn.dt_bias": "471d7b0f22e368ff1ad3c0645edee416eca648f1ef7a5fbbe83dd4e14de1cdcf",
    "language_model.model.layers.50.post_attention_layernorm.weight": "6aa994daef3890c4a72cdf8b995795ed00161e7857501ff999b2450c5aa1f9f8",
    "language_model.model.layers.49.linear_attn.in_proj_b.biases": "805b161e34e26dec86540cdb6e3422cfeeb9ca47c1b6eda40a9c0487c5c2aa05",
    "language_model.model.layers.46.linear_attn.in_proj_z.scales": "77ceef7cb943882030a3f1e81c5c5a5f533be3dae6f0980fcc5c58d2c6d99512",
    "language_model.model.layers.45.linear_attn.in_proj_b.biases": "b239d9a596df9bb9d85c53e6e1559d59be88a896986152a76fac35e698db50db",
    "language_model.model.layers.47.self_attn.o_proj.weight": "c4fc6d43cda0adcf2fcf37ae96f02b6cec63384ef3d9e84c78536f7d39199bea",
    "language_model.model.layers.44.linear_attn.in_proj_qkv.weight": "9299033ccafa8a70b7f458e90ad139807c7da04ae5932629c00c2107a7fe8137",
    "language_model.model.layers.59.self_attn.q_proj.weight": "cdb96f0282515796ef4629ec8598f141b1595e7731a923d503a3a1647cf76246",
    "language_model.model.layers.45.input_layernorm.weight": "05a2d52aed299be6fc7fe8a77ef92d5e8028912905bf15fff3c50b46c2f35fe4",
    "language_model.model.layers.43.self_attn.v_proj.weight": "750baa5af56c4d191c0410341200272a1389bfca1af0902326c2ce13f2ef9915",
    "language_model.model.layers.47.self_attn.v_proj.scales": "ea1601f66ba4a9f81a1900b0eed4f046a7ecfe316a8de3b6484daa2bac04f21c",
    "language_model.model.layers.54.post_attention_layernorm.weight": "c75b1e2a8354e1d69d62e238e98ba2b7be2b4df36477b589fe5c30c7b8842aeb",
    "language_model.model.layers.45.linear_attn.out_proj.scales": "c6d6fc94ac29107176a487317bdd4f2136f4cb301d43837386165687915c4b8b",
    "language_model.model.layers.48.linear_attn.in_proj_a.scales": "adae6625a2b1f8e16ed6cee80b2b834fd80d6afdf657ef5ec32d61d796e80bc1",
    "language_model.model.layers.58.linear_attn.in_proj_b.biases": "846a281c469c319b69956337408136b256c211d0584be2c88c09a5e9dda873a9",
    "language_model.model.layers.54.linear_attn.in_proj_b.weight": "93975d7731baa3d5c40b5e0f048fad7a42e2793f136e644504d698fef7eb3e59",
    "language_model.model.layers.59.self_attn.k_proj.biases": "66fc398ff5700ba944c3030322a3d95dc5dc91b19ed7e681777ff2d8a360cf82",
    "language_model.model.layers.45.linear_attn.in_proj_z.scales": "711668684d10cb2469c1fc5ee88def8c554736f75bcefe897b2fa41b84d87dc9",
    "language_model.model.layers.46.linear_attn.in_proj_b.scales": "8db818375148e4328e73980194e73affd02c0100d43ffbeb14256f48ca31da67",
    "language_model.model.layers.45.linear_attn.norm.weight": "35aadd70da3997948242ac8fb005d1e130cad89256688fe9b70ef5b22973d812",
    "language_model.model.layers.52.linear_attn.in_proj_z.weight": "477385911e4d576ddea5b7c093af466cfeb6d5da60cb7fc4d5a124a29f53b20e",
    "language_model.model.layers.63.self_attn.o_proj.scales": "3b816e6275159bbea1d79955051a2eafcbd006106e41e7ae5d32247731041e85",
    "language_model.model.layers.46.linear_attn.norm.weight": "968db6dd44b5b9787f19ba470dfd4729350bb7a5da5cd74d7ddb17c25c7bc839",
    "language_model.model.layers.60.linear_attn.norm.weight": "117fe5296db8514fd8df140445b0578762323fa3e8e1af6fb519b4e3798815d8",
    "language_model.model.layers.45.linear_attn.in_proj_z.biases": "692e5709e781493896a2fba2a7e73f24f4c31e8d9e4ae4a00ea04344f5354d48",
    "language_model.model.layers.45.linear_attn.in_proj_b.scales": "864a8791d8c8ecf80d61c4a79827d980a063f4e25635f592778312d4dc17ca08",
    "language_model.model.layers.55.self_attn.q_proj.scales": "4c28295b7c88861e5a96d32cd2cce79935f13d44bf02943a1cf10c3acd5579e3",
    "language_model.model.layers.48.linear_attn.out_proj.biases": "26ca0add494153c1f04722ae793ade958341d47fd26acd90d0a890274cc353b0",
    "language_model.model.layers.58.linear_attn.in_proj_b.weight": "22b3ae49dbc5cc3b631c8b8ca4cbd5fb2101ad542fc50449b154a977e881491a",
    "language_model.model.layers.49.linear_attn.out_proj.weight": "55608bef6ba0b86f2157e940e194de88fced5d57513c2913710063d33691df9a",
    "language_model.model.layers.60.linear_attn.dt_bias": "2b300fd4e85a2864e020e6bbadde750d1318e1420a5befd427c9626076a98d0f",
    "language_model.model.layers.58.linear_attn.in_proj_a.scales": "2cf0c164a9cec1a0f11804529aeb717ffbc3f60bd4ba28598cf034e306386466",
    "language_model.model.layers.52.linear_attn.in_proj_b.weight": "eeb707b4d9832ee70602522d6962cd47899afc326314b8387d8f5bec8232c633",
    "language_model.model.layers.53.linear_attn.in_proj_z.biases": "8483d061295843152cf86d0a4573aa087db9b19bc32d914fd939efa69500900a",
    "language_model.model.layers.53.linear_attn.in_proj_a.biases": "1ee0ccf1e1e56a311c6b03af5227c2b1686162568cd81ba238ae0f42a00495ef",
    "language_model.model.layers.61.linear_attn.out_proj.scales": "6c93c2d376ba0ac191b5ac22f790e1451c92957097e90f1f2db932c7ea01e41f",
    "language_model.model.layers.44.post_attention_layernorm.weight": "8d6a888d0e5a0ddf6166890dd6d93b5de6bf2dc4e09547a88b7f424d65a8ce69",
    "language_model.model.layers.63.self_attn.v_proj.weight": "4bd061ecbd768b16518cbe7521345639de9415a637d861068c64664c82f5e48e",
    "language_model.model.layers.46.linear_attn.out_proj.scales": "02391e92c32df75f73381e21b7c1c842304e9350f569410c92a15335abafc04f",
    "language_model.model.layers.61.linear_attn.in_proj_a.biases": "d938042b124876213495a17938f39b0e680c2738852557abb38c795b690d9f4c",
    "language_model.model.layers.51.self_attn.q_norm.weight": "99a59072f2a8b6e1aa90ed8a93517821c5e85490e46024c83f52a21838e72169",
    "language_model.model.layers.44.linear_attn.out_proj.weight": "b7d3deb21bb969e60f28ed74983a418b23874c8b48d1b016c98cb363e362e549",
    "language_model.model.layers.54.linear_attn.in_proj_qkv.weight": "953c098b44143037f268c9dd63f0feb1acc5acc62cd924f1db34a81ca4302bc6",
    "language_model.model.layers.50.linear_attn.in_proj_b.biases": "4b4484e12345a78b9061567096476987ae44e3522f1b532514196eb2289d79db",
    "language_model.model.layers.46.linear_attn.in_proj_a.weight": "748705bf7a7cdb04467f4f8be6d64749ce2c45d5d4d904ac5910438b7ab88c5c",
    "language_model.model.layers.50.linear_attn.out_proj.biases": "89f89a9adae8e624b6ec89a84f113acbbf97e7f0daf0ae54825da0955d773060",
    "language_model.model.layers.61.linear_attn.in_proj_z.scales": "cb139dff1e5fd771483c89ebe2c06e222faaa28392f19655cc9f634962b36d17",
    "language_model.model.layers.48.linear_attn.in_proj_a.weight": "1352127259dc3e98305fbdbe821e673c4ebb22151ac7d7782a2c87f2242f7c07",
    "language_model.model.layers.49.input_layernorm.weight": "638f2427821d2306db1a11e87937d43350648ee6ceeb84a4acb2f49174e5446c",
    "language_model.model.layers.45.linear_attn.in_proj_a.scales": "9f5f0bc8adc1db4e01ff58542c5219485addeb2d62fad818726031a7aa52f6ed",
    "language_model.model.layers.44.linear_attn.in_proj_a.biases": "e304ccc5108dcb4a1dbd7c044cda1800bcbabb1f54ead8e427fd29add1539ca0",
    "language_model.model.layers.49.linear_attn.out_proj.biases": "6f00377d2f5002f1046819404bdc016181a01de78a8ec854a837e15de37f61e2",
    "language_model.model.layers.44.linear_attn.in_proj_a.weight": "62bbb2daa5603733ddbf3f5fdd5bb5fdf6695e48099fcce37d70af885600c364",
    "language_model.model.layers.52.linear_attn.out_proj.weight": "09ccfc4a58e166a7dfafcc234cdeb5f20bd2c044132de70d16381b0272985167",
    "language_model.model.layers.57.linear_attn.out_proj.weight": "5708b0d4a7e321f9be43c610debc01bfa1cccfc4a897c7cb985cdc7a29ee182f",
    "language_model.model.layers.57.linear_attn.dt_bias": "5fd0a092b9d9ee120d05989bc7ec3b755ca7f836947ad09bdcaa615a54f39662",
    "language_model.model.layers.44.linear_attn.in_proj_a.scales": "2488ee65e707bed2aaabc7029ac3d61807375844fa44a68b066222d4c87b4b15",
    "language_model.model.layers.46.linear_attn.in_proj_qkv.weight": "b1c9f37fca54470d18a8cc8cb92cabe2b00be8292492bf1f8e117d6f2b117665",
    "language_model.model.layers.61.linear_attn.in_proj_a.scales": "560f1d92c07b88ae0129ba695a36574ddebe231ac18236058ec3116cd2ee67e0",
    "language_model.model.layers.50.linear_attn.A_log": "13510b7c77be644f5fa3fcf332c0c8ce5763a382e64c8753b9e22eeea0be36e0",
    "language_model.model.layers.44.linear_attn.A_log": "c97ac52a35ba92f0c3e07fd6aa08b2ca24f9a43a030c5180514540b65dfe3bb4",
    "language_model.model.layers.56.post_attention_layernorm.weight": "b06fd5fde2fb54e818d82bd28e86118de6d614da9a8f61ef589199179a48d8a8",
    "language_model.model.layers.56.linear_attn.in_proj_qkv.scales": "e0d56ab96da89a54816982ac6e14b622c4e190a6d5494fb6d46ad9ec8d90b849",
    "language_model.model.layers.52.linear_attn.norm.weight": "ecda1abf568494f8b5e306b5f21cbcd816d910b6cb0d0f78aeb735333780e70c",
    "language_model.model.layers.56.linear_attn.norm.weight": "6c80ad37995ce9c96c2e6d4dfdf15c38764d98e0098a74f3abb612203b442f4a",
    "language_model.model.layers.43.self_attn.o_proj.weight": "e053c1b5cddc76d7585e96920ff3e1a7f71727b5124a596722aa73b553b7869c",
    "language_model.model.layers.45.linear_attn.in_proj_b.weight": "197ad98a514f5585489e6f6d8e9e04994e1cf2ab8ec308956309bef8a82f4782",
    "language_model.model.layers.62.linear_attn.conv1d.weight": "a69f0fd6024bcb939848d844bc4296745216ecc10d29b6671fc3d148d962b013",
    "language_model.model.layers.43.self_attn.q_proj.weight": "0145ac574c3543dc9000ac07cee6af9eda826592db7f98bb441089ccaecb1aad",
    "language_model.model.layers.59.self_attn.k_proj.scales": "f34cf6227f2e83d91f35883c9afe1f97105146b11b0ca3a7828581d2b8ab548a",
    "language_model.model.layers.43.self_attn.k_proj.scales": "09f9cf2125d0a4779e1205aa9643f218fbc054acbbd6b1b85099cdc315018bf1",
    "language_model.model.layers.45.linear_attn.in_proj_a.weight": "a4c74b57a34a7ee810bb73a5f442b4782aa0a0498f57a9031219b7ce43260212",
    "language_model.model.layers.47.self_attn.k_proj.scales": "a49c3b8b27ff7621c2fd00de7b2d9c016cac2524f4e6641bfff5ae863b45b147",
    "language_model.model.layers.46.linear_attn.in_proj_b.biases": "439d5c08e774e45f46c687b9349c34924c2e9a60c9dd45e82d8189b93f03047f",
    "language_model.model.layers.53.linear_attn.out_proj.biases": "27cc6eaa70600fd218329dd8c3cfda7ca36bdc22d4e127f3baffcd08aed25605",
    "language_model.model.layers.43.self_attn.k_proj.weight": "343e638b158336ab62a7ce8b53f31f5ce22b0d544951a662444d1d5669016e86",
    "language_model.model.layers.60.linear_attn.in_proj_b.weight": "059c20165b1515529d853366f99167cf17636b6ea4ee786686739699370f5429",
    "language_model.model.layers.52.linear_attn.in_proj_b.scales": "e6e86bbd7da509502f37958a4eb956bbeddb98824607b3c5d103fe2ffb0ec43c",
    "language_model.model.layers.44.linear_attn.in_proj_qkv.biases": "a1c57d57c28d8e88b678c94c285a62615026fc6cb150d2a7b240655902ab4697",
    "language_model.model.layers.55.self_attn.k_proj.biases": "4a572d1a9243a2cf858339def098b8df91950f04862dfcd0f72b929d07e07bac",
    "language_model.model.layers.44.linear_attn.in_proj_z.weight": "d85082c3210633d12382f365d1085ee7900c7846ec1afc3f5598efd3c6e5ceb2",
    "language_model.model.layers.47.self_attn.v_proj.biases": "8f720a35171c778ae81d5a34cc6644804f1936bb12e86e5d4db45daf2d7e4700",
    "language_model.model.layers.43.self_attn.q_proj.scales": "5399c4fd94ce7e807e1dd1aa554a9c480d4f8fe98d26d8e8b90e3b7b6007aa14",
    "language_model.model.layers.56.linear_attn.in_proj_qkv.biases": "7b47ca509c529df9ca4f8037436f80f422ed0730d9b19dfa12ff68a941ffbd93",
    "language_model.model.layers.54.linear_attn.in_proj_z.scales": "24bf8aab29d5b7773ed9674144594e2a9189ae2a75edc263ed17d690319d07b5",
    "language_model.model.layers.48.linear_attn.in_proj_b.biases": "9f21b7f933c1bc8d37385d4ed5e6e655bd9308d428b9c97fc169160bf9027748",
    "language_model.model.layers.44.linear_attn.in_proj_b.scales": "a562f7f71d02ec24f3e6f693a6c14b3fdae412a9de3ef8854af9e52dcdbee261",
    "language_model.model.layers.61.linear_attn.in_proj_b.weight": "0630962f5d501908aec9d63f20d874e880fb73eeda9b516eb1f0409b7a9ff48b",
    "language_model.model.layers.47.self_attn.q_norm.weight": "f060b48795ff5e7750f31acff46d4c3caedaf304d69043ca548a260508afa9fe",
    "language_model.model.layers.45.linear_attn.in_proj_qkv.weight": "e4821f326507666a6eb70f1ef4b39ebb4c8f7ddb12a6974c0d0820635c9c5e1c",
    "language_model.model.layers.46.input_layernorm.weight": "361a55aa0f47b81550f52c91cc2fe057e016f2b1bc43cd60434f8911d3b5e671",
    "language_model.model.layers.60.linear_attn.in_proj_b.scales": "3629d6a59366577528bf965e5634bdb0ad025e8a06c4f69b78bf23ee17c75c4a",
    "language_model.model.layers.56.linear_attn.in_proj_z.scales": "24876300075b0c978f4bf703a82493c550fabb034c9d9f846b0a2ad2295b3960",
    "language_model.model.layers.45.linear_attn.out_proj.weight": "f7e35b46a9b0b02c1e0bee3f37e66fed50f83afb2833ffac42d1f19c298fab62",
    "language_model.model.layers.45.linear_attn.A_log": "b64718fffd3fab2277417387b8bdd0c639ac82d504f1a784531bda262c2b812b",
    "language_model.model.layers.45.linear_attn.conv1d.weight": "b7598402d3f6dadb232e4f97296e014ddf9cd057cc74f225250a646a7bf5871d",
    "language_model.model.layers.43.self_attn.q_norm.weight": "e08902774965576110be46d4f9f696e107d9743d003b52c87360b5181eb32d41",
    "language_model.model.layers.44.linear_attn.in_proj_b.weight": "19f67ceeeee848a1cdc3a0a711f29fb702a4bce200444ef84d8ecea1dd1b91c0",
    "language_model.model.layers.46.linear_attn.conv1d.weight": "d77ac38a65674f597ad64275ce3259775669d62cf77776ffa20630d94262066d",
    "language_model.model.layers.54.linear_attn.in_proj_a.scales": "418cbc13224b7d4293441458147161ce628bd16eb49c8b32c58ce966d495eaf3",
    "language_model.model.layers.61.linear_attn.conv1d.weight": "51f44db3f1662eaa8117c86e02883867f2136d50dbdbab8cceb11dbbbd9fea29",
    "language_model.model.layers.61.linear_attn.A_log": "226f5389294e47b026f5fd0e932778f1e5d8a1b57a1d0a83b8865b55cf233c37",
    "language_model.model.layers.52.linear_attn.in_proj_a.biases": "3342ebac71468903f7243f69ff7f2654e2cd9441f5cea0811895f7c0ef77ee92",
    "language_model.model.layers.52.linear_attn.conv1d.weight": "98de079022ea4416887fbc0f757481a9d72eba2401154e6dd35cde7e456228af",
    "language_model.model.layers.58.linear_attn.in_proj_qkv.scales": "9143513a9e8cbf34ad591e4c84e094345b7aafdd18f735420645ab11f1b1142f",
    "language_model.model.layers.47.self_attn.q_proj.biases": "c45945f50c523d005c8514b9f450fb2588bb4c60e802f212116500e11a76a5fa",
    "language_model.model.layers.43.self_attn.k_proj.biases": "ca696d101c86a8ffb86fbe0930ba6664b9a213cef5112b0cd98ed7d83969dc80",
    "language_model.model.layers.46.linear_attn.in_proj_z.biases": "bc8f4c3f2b330d8f21da688583996c36861256554f20a9b6d137aa0194ba6545",
    "language_model.model.layers.45.linear_attn.in_proj_qkv.biases": "e805b48f03a91dbbb13ef0bce3874f1d64838b09959e4ea4833b63064851658b",
    "language_model.lm_head.biases": "a2432b0abc7235b4033d6338e6eeba6d0758727834d31cdeeca782cbfed0373f"
  },
  "calibration_sha256": "8a814f04112d992c77a72cc1f7709143e63bdc17c8d6e3c9e8d3c39c2bef2aa8",
  "bf16_sha256": {
    "model-00001-of-00018.safetensors": "ba0ce20aae489ad196733da5064bcdf159a1fe84f53336648196e1ebb7751b1c",
    "model-00002-of-00018.safetensors": "06a148c01bfbe3faa14a5f184a7ff29a706f7ae1c8b2705d2058e26d17a001fb",
    "model-00003-of-00018.safetensors": "2e1bf62cbcd406eaa64b60d10353e1f0ef4039d0976e56f05cabe953454f9968",
    "model-00004-of-00018.safetensors": "511e34063187882659753c4d93f3859f93c019fd438d8813071921c81d9a3f1a",
    "model-00005-of-00018.safetensors": "635cb53446dc74f219740fc59e18b774f877b803b9722e289ca62575a6efa701",
    "model-00006-of-00018.safetensors": "0bc5214fac607f0e6cc92eec3789d4b8559410ef9fce66621ba8158e8410dae0",
    "model-00007-of-00018.safetensors": "80b0c49033e9a0d5762562aa12f4acdb7f54da586f3d0110f28c48d91cf07892",
    "model-00008-of-00018.safetensors": "7192c5b66185d3592927daabee1cc19e6f6e0ce75988ee20e824b624765fda79",
    "model-00009-of-00018.safetensors": "af3c48cc37af44f3db6ae0579baf019180d48d9c527caa0a1f03ff85813a56d8",
    "model-00010-of-00018.safetensors": "163490a76f3bea3a40855b7efc04ce6d27afaf1a34f0bbde495b9491f76457c9",
    "model-00011-of-00018.safetensors": "5f3ae1b948aeee39da77aec558e8236cd65fe4d7cb7686a76bb007acc563c6d8",
    "model-00012-of-00018.safetensors": "a3de1c7114677a8f5ac5c4892c90e8238ea5c1e2038c80e757dfc87c3902ca55",
    "model-00013-of-00018.safetensors": "06ab79a41f74c9c5cb734816feb0c7fc364104b227165ee7391231e1155aa02a",
    "model-00014-of-00018.safetensors": "4138ed94603065ba884bbcadedb04d7718bb40117e85e6f5c6fc5b9c05b7a85b",
    "model-00015-of-00018.safetensors": "69224e27b9de4e7dbf6fc936c6eaae08447bda3b80a6c31a871ab451173afd22",
    "model-00016-of-00018.safetensors": "73cb9a1089fb6155cb648609478d6633be8a5c7d9ca5a05bc8925ce8a553cefe",
    "model-00017-of-00018.safetensors": "beb51f01056142ac4984bd800507b0dd0fd18de57f8e9ef6ea41d1a3598983a8",
    "model-00018-of-00018.safetensors": "1d3479509e21494658f9b64d317f5ea8e55c4025d28c702d6c4d0b356ce8ea06"
  },
  "accounting": {
    "procedural_saved_bytes": 2139095040,
    "lossless_metadata_saved_bytes": 0,
    "source_inventory": {
      "logical_parameters": 27356728560,
      "file_bytes": 16081490933,
      "physical_bpw": 4.702752640244788,
      "tensor_payload_bytes": 16054262240,
      "embedded_asset_bytes": 26949584
    },
    "checkpoint_inventory": {
      "file_bytes": 13942931757,
      "logical_parameters": 27356728560,
      "physical_bpw": 4.077368162328252,
      "tensor_payload_bytes": 13942116784,
      "container_bytes": 814973,
      "embedded_asset_bytes": 26949584
    },
    "note": "Payload reductions exclude container/asset differences; complete size is reported separately"
  }
}
